voyage_id,sample_id,sampling_date,lat,long,eDNA (seawater volume in L),Collection method,Filtration device
V10_CKI,V10_CKI_U_1_1,19/11/2022,-28.67171667,111.4407833,2,Niskin,Sentino pump
V10_CKI,V10_CKI_U_1_2,19/11/2022,-28.67171667,111.4407833,2,Niskin,Sentino pump
V10_CKI,V10_CKI_U_1_3,19/11/2022,-28.67171667,111.4407833,2,Niskin,Sentino pump
V10_CKI,V10_CKI_U_1_4,19/11/2022,-28.67171667,111.4407833,2,Niskin,Sentino pump
V10_CKI,V10_CKI_U_1_5,19/11/2022,-28.67171667,111.4407833,2,Niskin,Sentino pump
V10_CKI,V10_CKI_U_1_WC,19/11/2022,-28.67171667,111.4407833,2,Niskin,Sentino pump
V10_CKI,V10_CKI_U_1_DI,19/11/2022,-28.67171667,111.4407833,2,Niskin,Sentino pump
V10_CKI,V10_CKI_N_1_1,19/11/2022,-28.67171667,111.4407833,2,Niskin,Sentino pump
V10_CKI,V10_CKI_N_1_2,19/11/2022,-28.67171667,111.4407833,2,Niskin,Sentino pump
V10_CKI,V10_CKI_N_1_3,19/11/2022,-28.67171667,111.4407833,2,Niskin,Sentino pump
V10_CKI,V10_CKI_N_1_4,19/11/2022,-28.67171667,111.4407833,2,Niskin,Sentino pump
V10_CKI,V10_CKI_N_1_5,19/11/2022,-28.67171667,111.4407833,2,Niskin,Sentino pump
V10_CKI,V10_CKI_N_1_WC,19/11/2022,-28.67171667,111.4407833,2,Niskin,Sentino pump
V10_CKI,V10_CKI_N_1_DI,19/11/2022,-28.67171667,111.4407833,2,Niskin,Sentino pump
V10_CKI,V10_CKI_U_2_1,20/11/2022,-27.41276667,109.8690333,2,Niskin,Sentino pump
V10_CKI,V10_CKI_U_2_2,20/11/2022,-27.41276667,109.8690333,2,Niskin,Sentino pump
V10_CKI,V10_CKI_U_2_3,20/11/2022,-27.41276667,109.8690333,2,Niskin,Sentino pump
V10_CKI,V10_CKI_U_2_4,20/11/2022,-27.41276667,109.8690333,2,Niskin,Sentino pump
V10_CKI,V10_CKI_U_2_5,20/11/2022,-27.41276667,109.8690333,2,Niskin,Sentino pump
V10_CKI,V10_CKI_U_2_WC,20/11/2022,-27.41276667,109.8690333,2,Niskin,Sentino pump
V10_CKI,V10_CKI_U_2_DI,20/11/2022,-27.41276667,109.8690333,2,Niskin,Sentino pump
V10_CKI,V10_CKI_N_2_1,20/11/2022,-27.41276667,109.8690333,2,Niskin,Sentino pump
V10_CKI,V10_CKI_N_2_2,20/11/2022,-27.41276667,109.8690333,2,Niskin,Sentino pump
V10_CKI,V10_CKI_N_2_3,20/11/2022,-27.41276667,109.8690333,2,Niskin,Sentino pump
V10_CKI,V10_CKI_N_2_4,20/11/2022,-27.41276667,109.8690333,2,Niskin,Sentino pump
V10_CKI,V10_CKI_N_2_5,20/11/2022,-27.41276667,109.8690333,2,Niskin,Sentino pump
V10_CKI,V10_CKI_N_2_WC,20/11/2022,-27.41276667,109.8690333,2,Niskin,Sentino pump
V10_CKI,V10_CKI_N_2_DI,20/11/2022,-27.41276667,109.8690333,2,Niskin,Sentino pump
V10_CKI,V10_CKI_N_3_1,20/11/2022,-26.8176,109.1271,2,Niskin,Sentino pump
V10_CKI,V10_CKI_N_3_2,20/11/2022,-26.8176,109.1271,2,Niskin,Sentino pump
V10_CKI,V10_CKI_N_3_3,20/11/2022,-26.8176,109.1271,2,Niskin,Sentino pump
V10_CKI,V10_CKI_N_3_4,20/11/2022,-26.8176,109.1271,2,Niskin,Sentino pump
V10_CKI,V10_CKI_N_3_5,20/11/2022,-26.8176,109.1271,2,Niskin,Sentino pump
V10_CKI,V10_CKI_N_3_WC,20/11/2022,-26.8176,109.1271,2,Niskin,Sentino pump
V10_CKI,V10_CKI_N_3_DI,20/11/2022,-26.8176,109.1271,2,Niskin,Sentino pump
V10_CKI,V10_CKI_N_H_4_3_1,20/11/2022,-26.8176,109.1271,2,Niskin,Sentino pump
V10_CKI,V10_CKI_N_H_4_3_2,20/11/2022,-26.8176,109.1271,2,Niskin,Sentino pump
V10_CKI,V10_CKI_N_H_4_3_3,20/11/2022,-26.8176,109.1271,2,Niskin,Sentino pump
V10_CKI,V10_CKI_N_H_2_3_1,20/11/2022,-26.8176,109.1271,2,Niskin,Sentino pump
V10_CKI,V10_CKI_N_H_2_3_2,20/11/2022,-26.8176,109.1271,2,Niskin,Sentino pump
V10_CKI,V10_CKI_N_H_2_3_3,20/11/2022,-26.8176,109.1271,2,Niskin,Sentino pump
V10_CKI,V10_CKI_N_H_3_WC,20/11/2022,-26.8176,109.1271,2,Niskin,Sentino pump
V10_CKI,V10_CKI_N_H_3_DI,20/11/2022,-26.8176,109.1271,2,Niskin,Sentino pump
V10_CKI,V10_CKI_U_4_1,20/11/2022,-26.2433,108.4332167,2,Niskin,Sentino pump
V10_CKI,V10_CKI_U_4_2,20/11/2022,-26.2433,108.4332167,2,Niskin,Sentino pump
V10_CKI,V10_CKI_U_4_3,20/11/2022,-26.2433,108.4332167,2,Niskin,Sentino pump
V10_CKI,V10_CKI_U_4_4,20/11/2022,-26.2433,108.4332167,2,Niskin,Sentino pump
V10_CKI,V10_CKI_U_4_5,20/11/2022,-26.2433,108.4332167,2,Niskin,Sentino pump
V10_CKI,V10_CKI_U_4_WC,20/11/2022,-26.2433,108.4332167,2,Niskin,Sentino pump
V10_CKI,V10_CKI_U_4_DI,20/11/2022,-26.2433,108.4332167,2,Niskin,Sentino pump
V10_CKI,V10_CKI_N_4_1,20/11/2022,-26.2433,108.4332167,2,Niskin,Sentino pump
V10_CKI,V10_CKI_N_4_2,20/11/2022,-26.2433,108.4332167,2,Niskin,Sentino pump
V10_CKI,V10_CKI_N_4_3,20/11/2022,-26.2433,108.4332167,2,Niskin,Sentino pump
V10_CKI,V10_CKI_N_4_4,20/11/2022,-26.2433,108.4332167,2,Niskin,Sentino pump
V10_CKI,V10_CKI_N_4_5,20/11/2022,-26.2433,108.4332167,2,Niskin,Sentino pump
V10_CKI,V10_CKI_N_4_WC,20/11/2022,-26.2433,108.4332167,2,Niskin,Sentino pump
V10_CKI,V10_CKI_N_4_DI,20/11/2022,-26.2433,108.4332167,2,Niskin,Sentino pump
V10_CKI,V10_CKI_U_5_1,21/11/2022,-24.89073333,106.7784333,2,Niskin,Sentino pump
V10_CKI,V10_CKI_U_5_2,21/11/2022,-24.89073333,106.7784333,2,Niskin,Sentino pump
V10_CKI,V10_CKI_U_5_3,21/11/2022,-24.89073333,106.7784333,2,Niskin,Sentino pump
V10_CKI,V10_CKI_U_5_4,21/11/2022,-24.89073333,106.7784333,2,Niskin,Sentino pump
V10_CKI,V10_CKI_U_5_5,21/11/2022,-24.89073333,106.7784333,2,Niskin,Sentino pump
V10_CKI,V10_CKI_U_5_WC,21/11/2022,-24.89073333,106.7784333,2,Niskin,Sentino pump
V10_CKI,V10_CKI_U_5_DI,21/11/2022,-24.89073333,106.7784333,2,Niskin,Sentino pump
V10_CKI,V10_CKI_N_5_1,21/11/2022,-24.89073333,106.7784333,2,Niskin,Sentino pump
V10_CKI,V10_CKI_N_5_2,21/11/2022,-24.89073333,106.7784333,2,Niskin,Sentino pump
V10_CKI,V10_CKI_N_5_3,21/11/2022,-24.89073333,106.7784333,2,Niskin,Sentino pump
V10_CKI,V10_CKI_N_5_4,21/11/2022,-24.89073333,106.7784333,2,Niskin,Sentino pump
V10_CKI,V10_CKI_N_5_5,21/11/2022,-24.89073333,106.7784333,2,Niskin,Sentino pump
V10_CKI,V10_CKI_N_5_WC,21/11/2022,-24.89073333,106.7784333,2,Niskin,Sentino pump
V10_CKI,V10_CKI_N_5_DI,21/11/2022,-24.89073333,106.7784333,2,Niskin,Sentino pump
V10_CKI,V10_CKI_N_6_1,21/11/2022,-24.25455,106.0043333,2,Niskin,Sentino pump
V10_CKI,V10_CKI_N_6_2,21/11/2022,-24.25455,106.0043333,2,Niskin,Sentino pump
V10_CKI,V10_CKI_N_6_3,21/11/2022,-24.25455,106.0043333,2,Niskin,Sentino pump
V10_CKI,V10_CKI_N_6_4,21/11/2022,-24.25455,106.0043333,2,Niskin,Sentino pump
V10_CKI,V10_CKI_N_6_5,21/11/2022,-24.25455,106.0043333,2,Niskin,Sentino pump
V10_CKI,V10_CKI_N_6_WC,21/11/2022,-24.25455,106.0043333,2,Niskin,Sentino pump
V10_CKI,V10_CKI_N_6_DI,21/11/2022,-24.25455,106.0043333,2,Niskin,Sentino pump
V10_CKI,V10_CKI_V_6_1,21/11/2022,-24.25455,106.0043333,2,Niskin,Sentino pump
V10_CKI,V10_CKI_V_6_2,21/11/2022,-24.25455,106.0043333,2,Niskin,Sentino pump
V10_CKI,V10_CKI_V_6_3,21/11/2022,-24.25455,106.0043333,2,Niskin,Sentino pump
V10_CKI,V10_CKI_V_6_4,21/11/2022,-24.25455,106.0043333,2,Niskin,Sentino pump
V10_CKI,V10_CKI_V_X_5,21/11/2022,-24.25455,106.0043333,2,Niskin,Sentino pump
V10_CKI,V10_CKI_V_6_WC,21/11/2022,-24.25455,106.0043333,2,Niskin,Sentino pump
V10_CKI,V10_CKI_V_6_DI,21/11/2022,-24.25455,106.0043333,2,Niskin,Sentino pump
V10_CKI,V10_CKI_U_7_1,21/11/2022,-23.64806667,105.2874333,2,Niskin,Sentino pump
V10_CKI,V10_CKI_U_7_2,21/11/2022,-23.64806667,105.2874333,2,Niskin,Sentino pump
V10_CKI,V10_CKI_U_7_3,21/11/2022,-23.64806667,105.2874333,2,Niskin,Sentino pump
V10_CKI,V10_CKI_U_7_4,21/11/2022,-23.64806667,105.2874333,2,Niskin,Sentino pump
V10_CKI,V10_CKI_U_7_5,21/11/2022,-23.64806667,105.2874333,2,Niskin,Sentino pump
V10_CKI,V10_CKI_U_7_WC,21/11/2022,-23.64806667,105.2874333,2,Niskin,Sentino pump
V10_CKI,V10_CKI_U_7_DI,21/11/2022,-23.64806667,105.2874333,2,Niskin,Sentino pump
V10_CKI,V10_CKI_N_7_1,21/11/2022,-23.64806667,105.2874333,2,Niskin,Sentino pump
V10_CKI,V10_CKI_N_7_2,21/11/2022,-23.64806667,105.2874333,2,Niskin,Sentino pump
V10_CKI,V10_CKI_N_7_3,21/11/2022,-23.64806667,105.2874333,2,Niskin,Sentino pump
V10_CKI,V10_CKI_N_7_4,21/11/2022,-23.64806667,105.2874333,2,Niskin,Sentino pump
V10_CKI,V10_CKI_N_7_5,21/11/2022,-23.64806667,105.2874333,2,Niskin,Sentino pump
V10_CKI,V10_CKI_N_7_WC,21/11/2022,-23.64806667,105.2874333,2,Niskin,Sentino pump
V10_CKI,V10_CKI_N_7_DI,21/11/2022,-23.64806667,105.2874333,2,Niskin,Sentino pump
V10_CKI,V10_CKI_U_8_1,22/11/2022,-22.32416667,103.7144667,2,Niskin,Sentino pump
V10_CKI,V10_CKI_U_8_2,22/11/2022,-22.32416667,103.7144667,2,Niskin,Sentino pump
V10_CKI,V10_CKI_U_8_3,22/11/2022,-22.32416667,103.7144667,2,Niskin,Sentino pump
V10_CKI,V10_CKI_U_8_4,22/11/2022,-22.32416667,103.7144667,2,Niskin,Sentino pump
V10_CKI,V10_CKI_U_8_5,22/11/2022,-22.32416667,103.7144667,2,Niskin,Sentino pump
V10_CKI,V10_CKI_U_8_WC,22/11/2022,-22.32416667,103.7144667,2,Niskin,Sentino pump
V10_CKI,V10_CKI_U_8_DI,22/11/2022,-22.32416667,103.7144667,2,Niskin,Sentino pump
V10_CKI,V10_CKI_N_8_1,22/11/2022,-22.32416667,103.7144667,2,Niskin,Sentino pump
V10_CKI,V10_CKI_N_8_2,22/11/2022,-22.32416667,103.7144667,2,Niskin,Sentino pump
V10_CKI,V10_CKI_N_8_3,22/11/2022,-22.32416667,103.7144667,2,Niskin,Sentino pump
V10_CKI,V10_CKI_N_8_4,22/11/2022,-22.32416667,103.7144667,2,Niskin,Sentino pump
V10_CKI,V10_CKI_N_8_5,22/11/2022,-22.32416667,103.7144667,2,Niskin,Sentino pump
V10_CKI,V10_CKI_N_8_WC,22/11/2022,-22.32416667,103.7144667,2,Niskin,Sentino pump
V10_CKI,V10_CKI_N_8_DI,22/11/2022,-22.32416667,103.7144667,2,Niskin,Sentino pump
V10_CKI,V10_CKI_N_9_1,22/11/2022,-21.72363333,102.9921667,2,Niskin,Sentino pump
V10_CKI,V10_CKI_N_9_2,22/11/2022,-21.72363333,102.9921667,2,Niskin,Sentino pump
V10_CKI,V10_CKI_N_9_3,22/11/2022,-21.72363333,102.9921667,2,Niskin,Sentino pump
V10_CKI,V10_CKI_N_9_4,22/11/2022,-21.72363333,102.9921667,2,Niskin,Sentino pump
V10_CKI,V10_CKI_N_9_5,22/11/2022,-21.72363333,102.9921667,2,Niskin,Sentino pump
V10_CKI,V10_CKI_N_9_WC,22/11/2022,-21.72363333,102.9921667,2,Niskin,Sentino pump
V10_CKI,V10_CKI_N_9_DI,22/11/2022,-21.72363333,102.9921667,2,Niskin,Sentino pump
V10_CKI,V10_CKI_V_9_1,22/11/2022,-21.72363333,102.9921667,2,Niskin,Sentino pump
V10_CKI,V10_CKI_V_9_2,22/11/2022,-21.72363333,102.9921667,2,Niskin,Sentino pump
V10_CKI,V10_CKI_V_9_3,22/11/2022,-21.72363333,102.9921667,2,Niskin,Sentino pump
V10_CKI,V10_CKI_V_9_4,22/11/2022,-21.72363333,102.9921667,2,Niskin,Sentino pump
V10_CKI,V10_CKI_V_9_5,22/11/2022,-21.72363333,102.9921667,2,Niskin,Sentino pump
V10_CKI,V10_CKI_V_9_WC,22/11/2022,-21.72363333,102.9921667,2,Niskin,Sentino pump
V10_CKI,V10_CKI_V_9_DI,22/11/2022,-21.72363333,102.9921667,2,Niskin,Sentino pump
V10_CKI,V10_CKI_U_10_1,22/11/2022,-21.16356667,102.3353667,2,Niskin,Sentino pump
V10_CKI,V10_CKI_U_10_2,22/11/2022,-21.16356667,102.3353667,2,Niskin,Sentino pump
V10_CKI,V10_CKI_U_10_3,22/11/2022,-21.16356667,102.3353667,2,Niskin,Sentino pump
V10_CKI,V10_CKI_U_10_4,22/11/2022,-21.16356667,102.3353667,2,Niskin,Sentino pump
V10_CKI,V10_CKI_U_10_5,22/11/2022,-21.16356667,102.3353667,2,Niskin,Sentino pump
V10_CKI,V10_CKI_U_10_WC,22/11/2022,-21.16356667,102.3353667,2,Niskin,Sentino pump
V10_CKI,V10_CKI_U_10_DI,22/11/2022,-21.16356667,102.3353667,2,Niskin,Sentino pump
V10_CKI,V10_CKI_N_10_1,22/11/2022,-21.16356667,102.3353667,2,Niskin,Sentino pump
V10_CKI,V10_CKI_N_10_2,22/11/2022,-21.16356667,102.3353667,2,Niskin,Sentino pump
V10_CKI,V10_CKI_N_10_3,22/11/2022,-21.16356667,102.3353667,2,Niskin,Sentino pump
V10_CKI,V10_CKI_N_10_4,22/11/2022,-21.16356667,102.3353667,2,Niskin,Sentino pump
V10_CKI,V10_CKI_N_10_5,22/11/2022,-21.16356667,102.3353667,2,Niskin,Sentino pump
V10_CKI,V10_CKI_N_10_WC,22/11/2022,-21.16356667,102.3353667,2,Niskin,Sentino pump
V10_CKI,V10_CKI_N_10_DI,22/11/2022,-21.16356667,102.3353667,2,Niskin,Sentino pump
V10_CKI,V10_CKI_U_11_1,23/11/2022,-19.87321667,100.8182,2,Niskin,Sentino pump
V10_CKI,V10_CKI_U_11_2,23/11/2022,-19.87321667,100.8182,2,Niskin,Sentino pump
V10_CKI,V10_CKI_U_11_3,23/11/2022,-19.87321667,100.8182,2,Niskin,Sentino pump
V10_CKI,V10_CKI_U_11_4,23/11/2022,-19.87321667,100.8182,2,Niskin,Sentino pump
V10_CKI,V10_CKI_U_11_5,23/11/2022,-19.87321667,100.8182,2,Niskin,Sentino pump
V10_CKI,V10_CKI_U_11_WC,23/11/2022,-19.87321667,100.8182,2,Niskin,Sentino pump
V10_CKI,V10_CKI_U_11_DI,23/11/2022,-19.87321667,100.8182,2,Niskin,Sentino pump
V10_CKI,V10_CKI_N_11_1,23/11/2022,-19.87321667,100.8182,2,Niskin,Sentino pump
V10_CKI,V10_CKI_N_11_2,23/11/2022,-19.87321667,100.8182,2,Niskin,Sentino pump
V10_CKI,V10_CKI_N_11_3,23/11/2022,-19.87321667,100.8182,2,Niskin,Sentino pump
V10_CKI,V10_CKI_N_11_4,23/11/2022,-19.87321667,100.8182,2,Niskin,Sentino pump
V10_CKI,V10_CKI_N_11_5,23/11/2022,-19.87321667,100.8182,2,Niskin,Sentino pump
V10_CKI,V10_CKI_N_11_WC,23/11/2022,-19.87321667,100.8182,2,Niskin,Sentino pump
V10_CKI,V10_CKI_N_11_DI,23/11/2022,-19.87321667,100.8182,2,Niskin,Sentino pump
V10_CKI,V10_CKI_N_12_1,23/11/2022,-19.23755,100.0747167,2,Niskin,Sentino pump
V10_CKI,V10_CKI_N_12_2,23/11/2022,-19.23755,100.0747167,2,Niskin,Sentino pump
V10_CKI,V10_CKI_N_12_3,23/11/2022,-19.23755,100.0747167,2,Niskin,Sentino pump
V10_CKI,V10_CKI_N_12_4,23/11/2022,-19.23755,100.0747167,2,Niskin,Sentino pump
V10_CKI,V10_CKI_N_12_5,23/11/2022,-19.23755,100.0747167,2,Niskin,Sentino pump
V10_CKI,V10_CKI_N_12_WC,23/11/2022,-19.23755,100.0747167,2,Niskin,Sentino pump
V10_CKI,V10_CKI_N_12_DI,23/11/2022,-19.23755,100.0747167,2,Niskin,Sentino pump
V10_CKI,V10_CKI_N_H_5_12_1,23/11/2022,-19.23755,100.0747167,2,Niskin,Sentino pump
V10_CKI,V10_CKI_N_H_5_12_2,23/11/2022,-19.23755,100.0747167,2,Niskin,Sentino pump
V10_CKI,V10_CKI_N_H_5_12_3,23/11/2022,-19.23755,100.0747167,2,Niskin,Sentino pump
V10_CKI,V10_CKI_N_H_2_12_1,23/11/2022,-19.23755,100.0747167,2,Niskin,Sentino pump
V10_CKI,V10_CKI_N_H_2_12_2,23/11/2022,-19.23755,100.0747167,2,Niskin,Sentino pump
V10_CKI,V10_CKI_N_H_2_12_3,23/11/2022,-19.23755,100.0747167,2,Niskin,Sentino pump
V10_CKI,V10_CKI_N_H_12_WC,23/11/2022,-19.23755,100.0747167,2,Niskin,Sentino pump
V10_CKI,V10_CKI_N_H_12_DI,23/11/2022,-19.23755,100.0747167,2,Niskin,Sentino pump
V10_CKI,V10_CKI_U_13_1,23/11/2022,-18.64561667,99.39633333,2,Niskin,Sentino pump
V10_CKI,V10_CKI_U_13_2,23/11/2022,-18.64561667,99.39633333,2,Niskin,Sentino pump
V10_CKI,V10_CKI_U_13_3,23/11/2022,-18.64561667,99.39633333,2,Niskin,Sentino pump
V10_CKI,V10_CKI_U_13_4,23/11/2022,-18.64561667,99.39633333,2,Niskin,Sentino pump
V10_CKI,V10_CKI_U_13_5,23/11/2022,-18.64561667,99.39633333,2,Niskin,Sentino pump
V10_CKI,V10_CKI_U_13_WC,23/11/2022,-18.64561667,99.39633333,2,Niskin,Sentino pump
V10_CKI,V10_CKI_U_13_DI,23/11/2022,-18.64561667,99.39633333,2,Niskin,Sentino pump
V10_CKI,V10_CKI_N_13_1,23/11/2022,-18.64561667,99.39633333,2,Niskin,Sentino pump
V10_CKI,V10_CKI_N_13_2,23/11/2022,-18.64561667,99.39633333,2,Niskin,Sentino pump
V10_CKI,V10_CKI_N_13_3,23/11/2022,-18.64561667,99.39633333,2,Niskin,Sentino pump
V10_CKI,V10_CKI_N_13_4,23/11/2022,-18.64561667,99.39633333,2,Niskin,Sentino pump
V10_CKI,V10_CKI_N_13_5,23/11/2022,-18.64561667,99.39633333,2,Niskin,Sentino pump
V10_CKI,V10_CKI_N_13_WC,23/11/2022,-18.64561667,99.39633333,2,Niskin,Sentino pump
V10_CKI,V10_CKI_N_13_DI,23/11/2022,-18.64561667,99.39633333,2,Niskin,Sentino pump
V10_CKI,V10_CKI_U_14_1,24/11/2022,-17.29661667,97.84051667,2,Niskin,Sentino pump
V10_CKI,V10_CKI_U_14_2,24/11/2022,-17.29661667,97.84051667,2,Niskin,Sentino pump
V10_CKI,V10_CKI_U_14_3,24/11/2022,-17.29661667,97.84051667,2,Niskin,Sentino pump
V10_CKI,V10_CKI_U_14_4,24/11/2022,-17.29661667,97.84051667,2,Niskin,Sentino pump
V10_CKI,V10_CKI_U_14_5,24/11/2022,-17.29661667,97.84051667,2,Niskin,Sentino pump
V10_CKI,V10_CKI_U_14_WC,24/11/2022,-17.29661667,97.84051667,2,Niskin,Sentino pump
V10_CKI,V10_CKI_U_14_DI,24/11/2022,-17.29661667,97.84051667,2,Niskin,Sentino pump
V10_CKI,V10_CKI_N_14_1,24/11/2022,-17.29661667,97.84051667,2,Niskin,Sentino pump
V10_CKI,V10_CKI_N_14_2,24/11/2022,-17.29661667,97.84051667,2,Niskin,Sentino pump
V10_CKI,V10_CKI_N_14_3,24/11/2022,-17.29661667,97.84051667,2,Niskin,Sentino pump
V10_CKI,V10_CKI_N_14_4,24/11/2022,-17.29661667,97.84051667,2,Niskin,Sentino pump
V10_CKI,V10_CKI_N_14_5,24/11/2022,-17.29661667,97.84051667,2,Niskin,Sentino pump
V10_CKI,V10_CKI_N_14_WC,24/11/2022,-17.29661667,97.84051667,2,Niskin,Sentino pump
V10_CKI,V10_CKI_N_14_DI,24/11/2022,-17.29661667,97.84051667,2,Niskin,Sentino pump
V10_CKI,V10_CKI_N_15_1,24/11/2022,-16.69461667,97.09823333,2,Niskin,Sentino pump
V10_CKI,V10_CKI_N_15_2,24/11/2022,-16.69461667,97.09823333,2,Niskin,Sentino pump
V10_CKI,V10_CKI_N_15_3,24/11/2022,-16.69461667,97.09823333,2,Niskin,Sentino pump
V10_CKI,V10_CKI_N_15_4,24/11/2022,-16.69461667,97.09823333,2,Niskin,Sentino pump
V10_CKI,V10_CKI_N_15_5,24/11/2022,-16.69461667,97.09823333,2,Niskin,Sentino pump
V10_CKI,V10_CKI_N_15_WC,24/11/2022,-16.69461667,97.09823333,2,Niskin,Sentino pump
V10_CKI,V10_CKI_N_15_DI,24/11/2022,-16.69461667,97.09823333,2,Niskin,Sentino pump
V10_CKI,V10_CKI_V_15_1,24/11/2022,-16.69461667,97.09823333,2,Niskin,Sentino pump
V10_CKI,V10_CKI_V_15_2,24/11/2022,-16.69461667,97.09823333,2,Niskin,Sentino pump
V10_CKI,V10_CKI_V_15_3,24/11/2022,-16.69461667,97.09823333,2,Niskin,Sentino pump
V10_CKI,V10_CKI_V_15_4,24/11/2022,-16.69461667,97.09823333,2,Niskin,Sentino pump
V10_CKI,V10_CKI_V_15_5,24/11/2022,-16.69461667,97.09823333,2,Niskin,Sentino pump
V10_CKI,V10_CKI_V_15_WC,24/11/2022,-16.69461667,97.09823333,2,Niskin,Sentino pump
V10_CKI,V10_CKI_V_15_DI,24/11/2022,-16.69461667,97.09823333,2,Niskin,Sentino pump
V10_CKI,V10_CKI_U_16_1,24/11/2022,-16.16726667,96.50476667,2,Niskin,Sentino pump
V10_CKI,V10_CKI_U_16_2,24/11/2022,-16.16726667,96.50476667,2,Niskin,Sentino pump
V10_CKI,V10_CKI_U_16_3,24/11/2022,-16.16726667,96.50476667,2,Niskin,Sentino pump
V10_CKI,V10_CKI_U_16_4,24/11/2022,-16.16726667,96.50476667,2,Niskin,Sentino pump
V10_CKI,V10_CKI_U_16_5,24/11/2022,-16.16726667,96.50476667,2,Niskin,Sentino pump
V10_CKI,V10_CKI_U_16_WC,24/11/2022,-16.16726667,96.50476667,2,Niskin,Sentino pump
V10_CKI,V10_CKI_U_16_DI,24/11/2022,-16.16726667,96.50476667,2,Niskin,Sentino pump
V10_CKI,V10_CKI_N_16_1,24/11/2022,-16.16726667,96.50476667,2,Niskin,Sentino pump
V10_CKI,V10_CKI_N_16_2,24/11/2022,-16.16726667,96.50476667,2,Niskin,Sentino pump
V10_CKI,V10_CKI_N_16_3,24/11/2022,-16.16726667,96.50476667,2,Niskin,Sentino pump
V10_CKI,V10_CKI_N_16_4,24/11/2022,-16.16726667,96.50476667,2,Niskin,Sentino pump
V10_CKI,V10_CKI_N_16_5,24/11/2022,-16.16726667,96.50476667,2,Niskin,Sentino pump
V10_CKI,V10_CKI_N_16_WC,24/11/2022,-16.16726667,96.50476667,2,Niskin,Sentino pump
V10_CKI,V10_CKI_N_16_DI,24/11/2022,-16.16726667,96.50476667,2,Niskin,Sentino pump
V10_CKI,V10_CKI_N_17_1,24/11/2022,-15.81273333,96.09005,2,Niskin,Sentino pump
V10_CKI,V10_CKI_N_17_2,24/11/2022,-15.81273333,96.09005,2,Niskin,Sentino pump
V10_CKI,V10_CKI_N_17_3,24/11/2022,-15.81273333,96.09005,2,Niskin,Sentino pump
V10_CKI,V10_CKI_N_17_4,24/11/2022,-15.81273333,96.09005,2,Niskin,Sentino pump
V10_CKI,V10_CKI_N_17_5,24/11/2022,-15.81273333,96.09005,2,Niskin,Sentino pump
V10_CKI,V10_CKI_N_17_WC,24/11/2022,-15.81273333,96.09005,2,Niskin,Sentino pump
V10_CKI,V10_CKI_N_17_DI,24/11/2022,-15.81273333,96.09005,2,Niskin,Sentino pump
V10_CKI,V10_CKI_U_18_1,25/11/2022,-14.76178333,95.62866667,2,Niskin,Sentino pump
V10_CKI,V10_CKI_U_18_2,25/11/2022,-14.76178333,95.62866667,2,Niskin,Sentino pump
V10_CKI,V10_CKI_U_18_3,25/11/2022,-14.76178333,95.62866667,2,Niskin,Sentino pump
V10_CKI,V10_CKI_U_18_4,25/11/2022,-14.76178333,95.62866667,2,Niskin,Sentino pump
V10_CKI,V10_CKI_U_18_5,25/11/2022,-14.76178333,95.62866667,2,Niskin,Sentino pump
V10_CKI,V10_CKI_U_18_WC,25/11/2022,-14.76178333,95.62866667,2,Niskin,Sentino pump
V10_CKI,V10_CKI_U_18_DI,25/11/2022,-14.76178333,95.62866667,2,Niskin,Sentino pump
V10_CKI,V10_CKI_N_18_1,25/11/2022,-14.76178333,95.62866667,2,Niskin,Sentino pump
V10_CKI,V10_CKI_N_18_2,25/11/2022,-14.76178333,95.62866667,2,Niskin,Sentino pump
V10_CKI,V10_CKI_N_18_3,25/11/2022,-14.76178333,95.62866667,2,Niskin,Sentino pump
V10_CKI,V10_CKI_N_18_4,25/11/2022,-14.76178333,95.62866667,2,Niskin,Sentino pump
V10_CKI,V10_CKI_N_18_5,25/11/2022,-14.76178333,95.62866667,2,Niskin,Sentino pump
V10_CKI,V10_CKI_N_18_WC,25/11/2022,-14.76178333,95.62866667,2,Niskin,Sentino pump
V10_CKI,V10_CKI_N_18_DI,25/11/2022,-14.76178333,95.62866667,2,Niskin,Sentino pump
V10_CKI,V10_CKI_N_19_1,25/11/2022,-13.94733333,95.89738333,2,Niskin,Sentino pump
V10_CKI,V10_CKI_N_19_2,25/11/2022,-13.94733333,95.89738333,2,Niskin,Sentino pump
V10_CKI,V10_CKI_N_19_3,25/11/2022,-13.94733333,95.89738333,2,Niskin,Sentino pump
V10_CKI,V10_CKI_N_19_4,25/11/2022,-13.94733333,95.89738333,2,Niskin,Sentino pump
V10_CKI,V10_CKI_N_19_5,25/11/2022,-13.94733333,95.89738333,2,Niskin,Sentino pump
V10_CKI,V10_CKI_N_19_WC,25/11/2022,-13.94733333,95.89738333,2,Niskin,Sentino pump
V10_CKI,V10_CKI_N_19_DI,25/11/2022,-13.94733333,95.89738333,2,Niskin,Sentino pump
V10_CKI,V10_CKI_V_19_1,25/11/2022,-13.94733333,95.89738333,2,Niskin,Sentino pump
V10_CKI,V10_CKI_V_19_2,25/11/2022,-13.94733333,95.89738333,2,Niskin,Sentino pump
V10_CKI,V10_CKI_V_19_3,25/11/2022,-13.94733333,95.89738333,2,Niskin,Sentino pump
V10_CKI,V10_CKI_V_19_4,25/11/2022,-13.94733333,95.89738333,2,Niskin,Sentino pump
V10_CKI,V10_CKI_V_19_5,25/11/2022,-13.94733333,95.89738333,2,Niskin,Sentino pump
V10_CKI,V10_CKI_V_19_WC,25/11/2022,-13.94733333,95.89738333,2,Niskin,Sentino pump
V10_CKI,V10_CKI_V_19_DI,25/11/2022,-13.94733333,95.89738333,2,Niskin,Sentino pump
V10_CKI,V10_CKI_U_20_1,25/11/2022,-13.17923333,96.16155,2,Niskin,Sentino pump
V10_CKI,V10_CKI_U_20_2,25/11/2022,-13.17923333,96.16155,2,Niskin,Sentino pump
V10_CKI,V10_CKI_U_20_3,25/11/2022,-13.17923333,96.16155,2,Niskin,Sentino pump
V10_CKI,V10_CKI_U_20_4,25/11/2022,-13.17923333,96.16155,2,Niskin,Sentino pump
V10_CKI,V10_CKI_U_20_5,25/11/2022,-13.17923333,96.16155,2,Niskin,Sentino pump
V10_CKI,V10_CKI_U_20_WC,25/11/2022,-13.17923333,96.16155,2,Niskin,Sentino pump
V10_CKI,V10_CKI_U_20_DI,25/11/2022,-13.17923333,96.16155,2,Niskin,Sentino pump
V10_CKI,V10_CKI_N_20_1,25/11/2022,-13.17923333,96.16155,2,Niskin,Sentino pump
V10_CKI,V10_CKI_N_20_2,25/11/2022,-13.17923333,96.16155,2,Niskin,Sentino pump
V10_CKI,V10_CKI_N_20_3,25/11/2022,-13.17923333,96.16155,2,Niskin,Sentino pump
V10_CKI,V10_CKI_N_20_4,25/11/2022,-13.17923333,96.16155,2,Niskin,Sentino pump
V10_CKI,V10_CKI_N_20_5,25/11/2022,-13.17923333,96.16155,2,Niskin,Sentino pump
V10_CKI,V10_CKI_N_20_WC,25/11/2022,-13.17923333,96.16155,2,Niskin,Sentino pump
V10_CKI,V10_CKI_N_20_DI,25/11/2022,-13.17923333,96.16155,2,Niskin,Sentino pump
V10_CKI,V10_CKI_N_21_1,25/11/2022,-13.18351667,96.16356667,2,Niskin,Sentino pump
V10_CKI,V10_CKI_N_21_2,25/11/2022,-13.18351667,96.16356667,2,Niskin,Sentino pump
V10_CKI,V10_CKI_N_21_3,25/11/2022,-13.18351667,96.16356667,2,Niskin,Sentino pump
V10_CKI,V10_CKI_N_21_4,25/11/2022,-13.18351667,96.16356667,2,Niskin,Sentino pump
V10_CKI,V10_CKI_N_21_5,25/11/2022,-13.18351667,96.16356667,2,Niskin,Sentino pump
V10_CKI,V10_CKI_N_21_WC,25/11/2022,-13.18351667,96.16356667,2,Niskin,Sentino pump
V10_CKI,V10_CKI_N_21_DI,25/11/2022,-13.18351667,96.16356667,2,Niskin,Sentino pump
V10_CKI,V10_CKI_N_22_1,25/11/2022,-12.43923333,96.78906667,2,Niskin,Sentino pump
V10_CKI,V10_CKI_N_22_2,25/11/2022,-12.43923333,96.78906667,2,Niskin,Sentino pump
V10_CKI,V10_CKI_N_22_3,25/11/2022,-12.43923333,96.78906667,2,Niskin,Sentino pump
V10_CKI,V10_CKI_N_22_4,25/11/2022,-12.43923333,96.78906667,2,Niskin,Sentino pump
V10_CKI,V10_CKI_N_22_5,25/11/2022,-12.43923333,96.78906667,2,Niskin,Sentino pump
V10_CKI,V10_CKI_N_22_WC,25/11/2022,-12.43923333,96.78906667,2,Niskin,Sentino pump
V10_CKI,V10_CKI_N_22_DI,25/11/2022,-12.43923333,96.78906667,2,Niskin,Sentino pump
V10_CKI,V10_CKI_U_23_1,26/11/2022,-12.15483333,97.36221667,2,Niskin,Sentino pump
V10_CKI,V10_CKI_U_23_2,26/11/2022,-12.15483333,97.36221667,2,Niskin,Sentino pump
V10_CKI,V10_CKI_U_23_3,26/11/2022,-12.15483333,97.36221667,2,Niskin,Sentino pump
V10_CKI,V10_CKI_U_23_4,26/11/2022,-12.15483333,97.36221667,2,Niskin,Sentino pump
V10_CKI,V10_CKI_U_23_5,26/11/2022,-12.15483333,97.36221667,2,Niskin,Sentino pump
V10_CKI,V10_CKI_U_23_WC,26/11/2022,-12.15483333,97.36221667,2,Niskin,Sentino pump
V10_CKI,V10_CKI_U_23_DI,26/11/2022,-12.15483333,97.36221667,2,Niskin,Sentino pump
V10_CKI,V10_CKI_N_23_1,26/11/2022,-12.15483333,97.36221667,2,Niskin,Sentino pump
V10_CKI,V10_CKI_N_23_2,26/11/2022,-12.15483333,97.36221667,2,Niskin,Sentino pump
V10_CKI,V10_CKI_N_23_3,26/11/2022,-12.15483333,97.36221667,2,Niskin,Sentino pump
V10_CKI,V10_CKI_N_23_4,26/11/2022,-12.15483333,97.36221667,2,Niskin,Sentino pump
V10_CKI,V10_CKI_N_23_5,26/11/2022,-12.15483333,97.36221667,2,Niskin,Sentino pump
V10_CKI,V10_CKI_N_23_WC,26/11/2022,-12.15483333,97.36221667,2,Niskin,Sentino pump
V10_CKI,V10_CKI_N_23_DI,26/11/2022,-12.15483333,97.36221667,2,Niskin,Sentino pump
V10_CKI,V10_CKI_N_24_1,26/11/2022,-12.08816667,98.20696667,2,Niskin,Sentino pump
V10_CKI,V10_CKI_N_24_2,26/11/2022,-12.08816667,98.20696667,2,Niskin,Sentino pump
V10_CKI,V10_CKI_N_24_3,26/11/2022,-12.08816667,98.20696667,2,Niskin,Sentino pump
V10_CKI,V10_CKI_N_24_4,26/11/2022,-12.08816667,98.20696667,2,Niskin,Sentino pump
V10_CKI,V10_CKI_N_24_5,26/11/2022,-12.08816667,98.20696667,2,Niskin,Sentino pump
V10_CKI,V10_CKI_N_24_WC,26/11/2022,-12.08816667,98.20696667,2,Niskin,Sentino pump
V10_CKI,V10_CKI_N_24_DI,26/11/2022,-12.08816667,98.20696667,2,Niskin,Sentino pump
V10_CKI,V10_CKI_V_24_1,26/11/2022,-12.08816667,98.20696667,2,Niskin,Sentino pump
V10_CKI,V10_CKI_V_24_2,26/11/2022,-12.08816667,98.20696667,2,Niskin,Sentino pump
V10_CKI,V10_CKI_V_24_3,26/11/2022,-12.08816667,98.20696667,2,Niskin,Sentino pump
V10_CKI,V10_CKI_V_24_4,26/11/2022,-12.08816667,98.20696667,2,Niskin,Sentino pump
V10_CKI,V10_CKI_V_24_5,26/11/2022,-12.08816667,98.20696667,2,Niskin,Sentino pump
V10_CKI,V10_CKI_V_24_WC,26/11/2022,-12.08816667,98.20696667,2,Niskin,Sentino pump
V10_CKI,V10_CKI_V_24_DI,26/11/2022,-12.08816667,98.20696667,2,Niskin,Sentino pump
V10_CKI,V10_CKI_U_25_1,26/11/2022,-12.04731667,99.06118333,2,Niskin,Sentino pump
V10_CKI,V10_CKI_U_25_2,26/11/2022,-12.04731667,99.06118333,2,Niskin,Sentino pump
V10_CKI,V10_CKI_U_25_3,26/11/2022,-12.04731667,99.06118333,2,Niskin,Sentino pump
V10_CKI,V10_CKI_U_25_4,26/11/2022,-12.04731667,99.06118333,2,Niskin,Sentino pump
V10_CKI,V10_CKI_U_25_5,26/11/2022,-12.04731667,99.06118333,2,Niskin,Sentino pump
V10_CKI,V10_CKI_U_25_WC,26/11/2022,-12.04731667,99.06118333,2,Niskin,Sentino pump
V10_CKI,V10_CKI_U_25_DI,26/11/2022,-12.04731667,99.06118333,2,Niskin,Sentino pump
V10_CKI,V10_CKI_N_25_1,26/11/2022,-12.04731667,99.06118333,2,Niskin,Sentino pump
V10_CKI,V10_CKI_N_25_2,26/11/2022,-12.04731667,99.06118333,2,Niskin,Sentino pump
V10_CKI,V10_CKI_N_25_3,26/11/2022,-12.04731667,99.06118333,2,Niskin,Sentino pump
V10_CKI,V10_CKI_N_25_4,26/11/2022,-12.04731667,99.06118333,2,Niskin,Sentino pump
V10_CKI,V10_CKI_N_25_5,26/11/2022,-12.04731667,99.06118333,2,Niskin,Sentino pump
V10_CKI,V10_CKI_N_25_WC,26/11/2022,-12.04731667,99.06118333,2,Niskin,Sentino pump
V10_CKI,V10_CKI_N_25_DI,26/11/2022,-12.04731667,99.06118333,2,Niskin,Sentino pump
V10_CKI,V10_CKI_N_26_1,26/11/2022,-12.0125,99.90586667,2,Niskin,Sentino pump
V10_CKI,V10_CKI_N_26_2,26/11/2022,-12.0125,99.90586667,2,Niskin,Sentino pump
V10_CKI,V10_CKI_N_26_3,26/11/2022,-12.0125,99.90586667,2,Niskin,Sentino pump
V10_CKI,V10_CKI_N_26_4,26/11/2022,-12.0125,99.90586667,2,Niskin,Sentino pump
V10_CKI,V10_CKI_N_26_5,26/11/2022,-12.0125,99.90586667,2,Niskin,Sentino pump
V10_CKI,V10_CKI_N_26_WC,26/11/2022,-12.0125,99.90586667,2,Niskin,Sentino pump
V10_CKI,V10_CKI_N_26_DI,26/11/2022,-12.0125,99.90586667,2,Niskin,Sentino pump
V10_CKI,V10_CKI_U_27_1,27/11/2022,-11.99666667,100.7733333,2,Niskin,Sentino pump
V10_CKI,V10_CKI_U_27_2,27/11/2022,-11.99666667,100.7733333,2,Niskin,Sentino pump
V10_CKI,V10_CKI_U_27_3,27/11/2022,-11.99666667,100.7733333,2,Niskin,Sentino pump
V10_CKI,V10_CKI_U_27_4,27/11/2022,-11.99666667,100.7733333,2,Niskin,Sentino pump
V10_CKI,V10_CKI_U_27_5,27/11/2022,-11.99666667,100.7733333,2,Niskin,Sentino pump
V10_CKI,V10_CKI_U_27_WC,27/11/2022,-11.99666667,100.7733333,2,Niskin,Sentino pump
V10_CKI,V10_CKI_U_27_DI,27/11/2022,-11.99666667,100.7733333,2,Niskin,Sentino pump
V10_CKI,V10_CKI_N_27_1,27/11/2022,-11.99666667,100.7733333,2,Niskin,Sentino pump
V10_CKI,V10_CKI_N_27_2,27/11/2022,-11.99666667,100.7733333,2,Niskin,Sentino pump
V10_CKI,V10_CKI_N_27_3,27/11/2022,-11.99666667,100.7733333,2,Niskin,Sentino pump
V10_CKI,V10_CKI_N_27_4,27/11/2022,-11.99666667,100.7733333,2,Niskin,Sentino pump
V10_CKI,V10_CKI_N_27_5,27/11/2022,-11.99666667,100.7733333,2,Niskin,Sentino pump
V10_CKI,V10_CKI_N_27_WC,27/11/2022,-11.99666667,100.7733333,2,Niskin,Sentino pump
V10_CKI,V10_CKI_N_27_DI,27/11/2022,-11.99666667,100.7733333,2,Niskin,Sentino pump
V10_CKI,V10_CKI_N_28_1,27/11/2022,-11.9658,101.6188833,2,Niskin,Sentino pump
V10_CKI,V10_CKI_N_28_2,27/11/2022,-11.9658,101.6188833,2,Niskin,Sentino pump
V10_CKI,V10_CKI_N_28_3,27/11/2022,-11.9658,101.6188833,2,Niskin,Sentino pump
V10_CKI,V10_CKI_N_28_4,27/11/2022,-11.9658,101.6188833,2,Niskin,Sentino pump
V10_CKI,V10_CKI_N_28_5,27/11/2022,-11.9658,101.6188833,2,Niskin,Sentino pump
V10_CKI,V10_CKI_N_28_WC,27/11/2022,-11.9658,101.6188833,2,Niskin,Sentino pump
V10_CKI,V10_CKI_N_28_DI,27/11/2022,-11.9658,101.6188833,2,Niskin,Sentino pump
V10_CKI,V10_CKI_V_28_1,27/11/2022,-11.9658,101.6188833,2,Niskin,Sentino pump
V10_CKI,V10_CKI_V_28_2,27/11/2022,-11.9658,101.6188833,2,Niskin,Sentino pump
V10_CKI,V10_CKI_V_28_3,27/11/2022,-11.9658,101.6188833,2,Niskin,Sentino pump
V10_CKI,V10_CKI_V_28_4,27/11/2022,-11.9658,101.6188833,2,Niskin,Sentino pump
V10_CKI,V10_CKI_V_28_5,27/11/2022,-11.9658,101.6188833,2,Niskin,Sentino pump
V10_CKI,V10_CKI_V_28_WC,27/11/2022,-11.9658,101.6188833,2,Niskin,Sentino pump
V10_CKI,V10_CKI_V_28_DI,27/11/2022,-11.9658,101.6188833,2,Niskin,Sentino pump
V10_CKI,V10_CKI_U_29_1,27/11/2022,-11.49663333,100.4594333,2,Niskin,Sentino pump
V10_CKI,V10_CKI_U_29_2,27/11/2022,-11.49663333,100.4594333,2,Niskin,Sentino pump
V10_CKI,V10_CKI_U_29_3,27/11/2022,-11.49663333,100.4594333,2,Niskin,Sentino pump
V10_CKI,V10_CKI_U_29_4,27/11/2022,-11.49663333,100.4594333,2,Niskin,Sentino pump
V10_CKI,V10_CKI_U_29_5,27/11/2022,-11.49663333,100.4594333,2,Niskin,Sentino pump
V10_CKI,V10_CKI_U_29_WC,27/11/2022,-11.49663333,100.4594333,2,Niskin,Sentino pump
V10_CKI,V10_CKI_U_29_DI,27/11/2022,-11.49663333,100.4594333,2,Niskin,Sentino pump
V10_CKI,V10_CKI_N_29_1,27/11/2022,-11.49663333,100.4594333,2,Niskin,Sentino pump
V10_CKI,V10_CKI_N_29_2,27/11/2022,-11.49663333,100.4594333,2,Niskin,Sentino pump
V10_CKI,V10_CKI_N_29_3,27/11/2022,-11.49663333,100.4594333,2,Niskin,Sentino pump
V10_CKI,V10_CKI_N_29_4,27/11/2022,-11.49663333,100.4594333,2,Niskin,Sentino pump
V10_CKI,V10_CKI_N_29_5,27/11/2022,-11.49663333,100.4594333,2,Niskin,Sentino pump
V10_CKI,V10_CKI_N_29_WC,27/11/2022,-11.49663333,100.4594333,2,Niskin,Sentino pump
V10_CKI,V10_CKI_N_29_DI,27/11/2022,-11.49663333,100.4594333,2,Niskin,Sentino pump
V10_CKI,V10_CKI_U_30_1,28/11/2022,-11.77741667,99.1414,2,Niskin,Sentino pump
V10_CKI,V10_CKI_U_30_2,28/11/2022,-11.77741667,99.1414,2,Niskin,Sentino pump
V10_CKI,V10_CKI_U_30_3,28/11/2022,-11.77741667,99.1414,2,Niskin,Sentino pump
V10_CKI,V10_CKI_U_30_4,28/11/2022,-11.77741667,99.1414,2,Niskin,Sentino pump
V10_CKI,V10_CKI_U_30_5,28/11/2022,-11.77741667,99.1414,2,Niskin,Sentino pump
V10_CKI,V10_CKI_U_30_WC,28/11/2022,-11.77741667,99.1414,2,Niskin,Sentino pump
V10_CKI,V10_CKI_U_30_DI,28/11/2022,-11.77741667,99.1414,2,Niskin,Sentino pump
V10_CKI,V10_CKI_N_30_1,28/11/2022,-11.77741667,99.1414,2,Niskin,Sentino pump
V10_CKI,V10_CKI_N_30_2,28/11/2022,-11.77741667,99.1414,2,Niskin,Sentino pump
V10_CKI,V10_CKI_N_30_3,28/11/2022,-11.77741667,99.1414,2,Niskin,Sentino pump
V10_CKI,V10_CKI_N_30_4,28/11/2022,-11.77741667,99.1414,2,Niskin,Sentino pump
V10_CKI,V10_CKI_N_30_5,28/11/2022,-11.77741667,99.1414,2,Niskin,Sentino pump
V10_CKI,V10_CKI_N_30_WC,28/11/2022,-11.77741667,99.1414,2,Niskin,Sentino pump
V10_CKI,V10_CKI_N_30_DI,28/11/2022,-11.77741667,99.1414,2,Niskin,Sentino pump
V10_CKI,V10_CKI_U_31_1,28/11/2022,-11.88815,98.16371667,2,Niskin,Sentino pump
V10_CKI,V10_CKI_U_31_2,28/11/2022,-11.88815,98.16371667,2,Niskin,Sentino pump
V10_CKI,V10_CKI_U_31_3,28/11/2022,-11.88815,98.16371667,2,Niskin,Sentino pump
V10_CKI,V10_CKI_U_31_4,28/11/2022,-11.88815,98.16371667,2,Niskin,Sentino pump
V10_CKI,V10_CKI_U_31_5,28/11/2022,-11.88815,98.16371667,2,Niskin,Sentino pump
V10_CKI,V10_CKI_U_31_WC,28/11/2022,-11.88815,98.16371667,2,Niskin,Sentino pump
V10_CKI,V10_CKI_U_31_DI,28/11/2022,-11.88815,98.16371667,2,Niskin,Sentino pump
V10_CKI,V10_CKI_N_31_1,28/11/2022,-11.88815,98.16371667,2,Niskin,Sentino pump
V10_CKI,V10_CKI_N_31_2,28/11/2022,-11.88815,98.16371667,2,Niskin,Sentino pump
V10_CKI,V10_CKI_N_31_3,28/11/2022,-11.88815,98.16371667,2,Niskin,Sentino pump
V10_CKI,V10_CKI_N_31_4,28/11/2022,-11.88815,98.16371667,2,Niskin,Sentino pump
V10_CKI,V10_CKI_N_31_5,28/11/2022,-11.88815,98.16371667,2,Niskin,Sentino pump
V10_CKI,V10_CKI_N_31_WC,28/11/2022,-11.88815,98.16371667,2,Niskin,Sentino pump
V10_CKI,V10_CKI_N_31_DI,28/11/2022,-11.88815,98.16371667,2,Niskin,Sentino pump
V10_CKI,V10_CKI_N_32_1,29/11/2022,-11.76896667,96.85125,2,Niskin,Sentino pump
V10_CKI,V10_CKI_N_32_2,29/11/2022,-11.76896667,96.85125,2,Niskin,Sentino pump
V10_CKI,V10_CKI_N_32_3,29/11/2022,-11.76896667,96.85125,2,Niskin,Sentino pump
V10_CKI,V10_CKI_N_32_4,29/11/2022,-11.76896667,96.85125,2,Niskin,Sentino pump
V10_CKI,V10_CKI_N_32_5,29/11/2022,-11.76896667,96.85125,2,Niskin,Sentino pump
V10_CKI,V10_CKI_N_32_WC,29/11/2022,-11.76896667,96.85125,2,Niskin,Sentino pump
V10_CKI,V10_CKI_N_32_DI,29/11/2022,-11.76896667,96.85125,2,Niskin,Sentino pump
V10_CKI,V10_CKI_U_33_1,30/11/2022,-11.3125,96.83815,2,Niskin,Sentino pump
V10_CKI,V10_CKI_U_33_2,30/11/2022,-11.3125,96.83815,2,Niskin,Sentino pump
V10_CKI,V10_CKI_U_33_3,30/11/2022,-11.3125,96.83815,2,Niskin,Sentino pump
V10_CKI,V10_CKI_U_33_4,30/11/2022,-11.3125,96.83815,2,Niskin,Sentino pump
V10_CKI,V10_CKI_U_33_5,30/11/2022,-11.3125,96.83815,2,Niskin,Sentino pump
V10_CKI,V10_CKI_U_33_WC,30/11/2022,-11.3125,96.83815,2,Niskin,Sentino pump
V10_CKI,V10_CKI_U_33_DI,30/11/2022,-11.3125,96.83815,2,Niskin,Sentino pump
V10_CKI,V10_CKI_N_33_1,30/11/2022,-11.3125,96.83815,2,Niskin,Sentino pump
V10_CKI,V10_CKI_N_33_2,30/11/2022,-11.3125,96.83815,2,Niskin,Sentino pump
V10_CKI,V10_CKI_N_33_3,30/11/2022,-11.3125,96.83815,2,Niskin,Sentino pump
V10_CKI,V10_CKI_N_33_4,30/11/2022,-11.3125,96.83815,2,Niskin,Sentino pump
V10_CKI,V10_CKI_N_33_5,30/11/2022,-11.3125,96.83815,2,Niskin,Sentino pump
V10_CKI,V10_CKI_N_33_WC,30/11/2022,-11.3125,96.83815,2,Niskin,Sentino pump
V10_CKI,V10_CKI_N_33_DI,30/11/2022,-11.3125,96.83815,2,Niskin,Sentino pump
V10_CKI,V10_CKI_U_34_1,30/11/2022,-10.65068333,96.81435,2,Niskin,Sentino pump
V10_CKI,V10_CKI_U_34_2,30/11/2022,-10.65068333,96.81435,2,Niskin,Sentino pump
V10_CKI,V10_CKI_U_34_3,30/11/2022,-10.65068333,96.81435,2,Niskin,Sentino pump
V10_CKI,V10_CKI_U_34_4,30/11/2022,-10.65068333,96.81435,2,Niskin,Sentino pump
V10_CKI,V10_CKI_U_34_5,30/11/2022,-10.65068333,96.81435,2,Niskin,Sentino pump
V10_CKI,V10_CKI_U_34_WC,30/11/2022,-10.65068333,96.81435,2,Niskin,Sentino pump
V10_CKI,V10_CKI_U_34_DI,30/11/2022,-10.65068333,96.81435,2,Niskin,Sentino pump
V10_CKI,V10_CKI_N_34_1,30/11/2022,-10.65068333,96.81435,2,Niskin,Sentino pump
V10_CKI,V10_CKI_N_34_2,30/11/2022,-10.65068333,96.81435,2,Niskin,Sentino pump
V10_CKI,V10_CKI_N_34_3,30/11/2022,-10.65068333,96.81435,2,Niskin,Sentino pump
V10_CKI,V10_CKI_N_34_4,30/11/2022,-10.65068333,96.81435,2,Niskin,Sentino pump
V10_CKI,V10_CKI_N_34_5,30/11/2022,-10.65068333,96.81435,2,Niskin,Sentino pump
V10_CKI,V10_CKI_N_34_WC,30/11/2022,-10.65068333,96.81435,2,Niskin,Sentino pump
V10_CKI,V10_CKI_N_34_DI,30/11/2022,-10.65068333,96.81435,2,Niskin,Sentino pump
V10_CKI,V10_CKI_N_35_1,30/11/2022,-9.982016667,96.86286667,2,Niskin,Sentino pump
V10_CKI,V10_CKI_N_35_2,30/11/2022,-9.982016667,96.86286667,2,Niskin,Sentino pump
V10_CKI,V10_CKI_N_35_3,30/11/2022,-9.982016667,96.86286667,2,Niskin,Sentino pump
V10_CKI,V10_CKI_N_35_4,30/11/2022,-9.982016667,96.86286667,2,Niskin,Sentino pump
V10_CKI,V10_CKI_N_35_5,30/11/2022,-9.982016667,96.86286667,2,Niskin,Sentino pump
V10_CKI,V10_CKI_N_35_WC,30/11/2022,-9.982016667,96.86286667,2,Niskin,Sentino pump
V10_CKI,V10_CKI_N_35_DI,30/11/2022,-9.982016667,96.86286667,2,Niskin,Sentino pump
V10_CKI,V10_CKI_V_35_1,30/11/2022,-9.982016667,96.86286667,2,Niskin,Sentino pump
V10_CKI,V10_CKI_V_35_2,30/11/2022,-9.982016667,96.86286667,2,Niskin,Sentino pump
V10_CKI,V10_CKI_V_35_3,30/11/2022,-9.982016667,96.86286667,2,Niskin,Sentino pump
V10_CKI,V10_CKI_V_35_4,30/11/2022,-9.982016667,96.86286667,2,Niskin,Sentino pump
V10_CKI,V10_CKI_V_35_5,30/11/2022,-9.982016667,96.86286667,2,Niskin,Sentino pump
V10_CKI,V10_CKI_V_35_WC,30/11/2022,-9.982016667,96.86286667,2,Niskin,Sentino pump
V10_CKI,V10_CKI_V_35_DI,30/11/2022,-9.982016667,96.86286667,2,Niskin,Sentino pump
V10_CKI,V10_CKI_U_36_1,30/11/2022,-9.128616667,96.83786667,2,Niskin,Sentino pump
V10_CKI,V10_CKI_U_36_2,30/11/2022,-9.128616667,96.83786667,2,Niskin,Sentino pump
V10_CKI,V10_CKI_U_36_3,30/11/2022,-9.128616667,96.83786667,2,Niskin,Sentino pump
V10_CKI,V10_CKI_U_36_4,30/11/2022,-9.128616667,96.83786667,2,Niskin,Sentino pump
V10_CKI,V10_CKI_U_36_5,30/11/2022,-9.128616667,96.83786667,2,Niskin,Sentino pump
V10_CKI,V10_CKI_U_36_WC,30/11/2022,-9.128616667,96.83786667,2,Niskin,Sentino pump
V10_CKI,V10_CKI_U_36_DI,30/11/2022,-9.128616667,96.83786667,2,Niskin,Sentino pump
V10_CKI,V10_CKI_N_36_1,30/11/2022,-9.128616667,96.83786667,2,Niskin,Sentino pump
V10_CKI,V10_CKI_N_36_2,30/11/2022,-9.128616667,96.83786667,2,Niskin,Sentino pump
V10_CKI,V10_CKI_N_36_3,30/11/2022,-9.128616667,96.83786667,2,Niskin,Sentino pump
V10_CKI,V10_CKI_N_36_4,30/11/2022,-9.128616667,96.83786667,2,Niskin,Sentino pump
V10_CKI,V10_CKI_N_36_5,30/11/2022,-9.128616667,96.83786667,2,Niskin,Sentino pump
V10_CKI,V10_CKI_N_36_WC,30/11/2022,-9.128616667,96.83786667,2,Niskin,Sentino pump
V10_CKI,V10_CKI_N_36_DI,30/11/2022,-9.128616667,96.83786667,2,Niskin,Sentino pump
V10_CKI,V10_CKI_N_37_1,1/12/2022,-8.006183333,96.87901667,2,Niskin,Sentino pump
V10_CKI,V10_CKI_N_37_2,1/12/2022,-8.006183333,96.87901667,2,Niskin,Sentino pump
V10_CKI,V10_CKI_N_37_3,1/12/2022,-8.006183333,96.87901667,2,Niskin,Sentino pump
V10_CKI,V10_CKI_N_37_4,1/12/2022,-8.006183333,96.87901667,2,Niskin,Sentino pump
V10_CKI,V10_CKI_N_37_5,1/12/2022,-8.006183333,96.87901667,2,Niskin,Sentino pump
V10_CKI,V10_CKI_N_37_WC,1/12/2022,-8.006183333,96.87901667,2,Niskin,Sentino pump
V10_CKI,V10_CKI_N_37_DI,1/12/2022,-8.006183333,96.87901667,2,Niskin,Sentino pump
V10_CKI,V10_CKI_N_38_1,1/12/2022,-8.0575,98.09801667,2,Niskin,Sentino pump
V10_CKI,V10_CKI_N_38_2,1/12/2022,-8.0575,98.09801667,2,Niskin,Sentino pump
V10_CKI,V10_CKI_N_38_3,1/12/2022,-8.0575,98.09801667,2,Niskin,Sentino pump
V10_CKI,V10_CKI_N_38_4,1/12/2022,-8.0575,98.09801667,2,Niskin,Sentino pump
V10_CKI,V10_CKI_N_38_5,1/12/2022,-8.0575,98.09801667,2,Niskin,Sentino pump
V10_CKI,V10_CKI_N_38_WC,1/12/2022,-8.0575,98.09801667,2,Niskin,Sentino pump
V10_CKI,V10_CKI_N_38_DI,1/12/2022,-8.0575,98.09801667,2,Niskin,Sentino pump
V10_CKI,V10_CKI_V_38_1,1/12/2022,-8.0575,98.09801667,2,Niskin,Sentino pump
V10_CKI,V10_CKI_V_38_2,1/12/2022,-8.0575,98.09801667,2,Niskin,Sentino pump
V10_CKI,V10_CKI_V_38_3,1/12/2022,-8.0575,98.09801667,2,Niskin,Sentino pump
V10_CKI,V10_CKI_V_38_4,1/12/2022,-8.0575,98.09801667,2,Niskin,Sentino pump
V10_CKI,V10_CKI_V_38_5,1/12/2022,-8.0575,98.09801667,2,Niskin,Sentino pump
V10_CKI,V10_CKI_V_38_WC,1/12/2022,-8.0575,98.09801667,2,Niskin,Sentino pump
V10_CKI,V10_CKI_V_38_DI,1/12/2022,-8.0575,98.09801667,2,Niskin,Sentino pump
V10_CKI,V10_CKI_U_39_1,1/12/2022,-8.338533333,99.06971667,2,Niskin,Sentino pump
V10_CKI,V10_CKI_U_39_2,1/12/2022,-8.338533333,99.06971667,2,Niskin,Sentino pump
V10_CKI,V10_CKI_U_39_3,1/12/2022,-8.338533333,99.06971667,2,Niskin,Sentino pump
V10_CKI,V10_CKI_U_39_4,1/12/2022,-8.338533333,99.06971667,2,Niskin,Sentino pump
V10_CKI,V10_CKI_U_39_5,1/12/2022,-8.338533333,99.06971667,2,Niskin,Sentino pump
V10_CKI,V10_CKI_U_39_WC,1/12/2022,-8.338533333,99.06971667,2,Niskin,Sentino pump
V10_CKI,V10_CKI_U_39_DI,1/12/2022,-8.338533333,99.06971667,2,Niskin,Sentino pump
V10_CKI,V10_CKI_N_39_1,1/12/2022,-8.338533333,99.06971667,2,Niskin,Sentino pump
V10_CKI,V10_CKI_N_39_2,1/12/2022,-8.338533333,99.06971667,2,Niskin,Sentino pump
V10_CKI,V10_CKI_N_39_3,1/12/2022,-8.338533333,99.06971667,2,Niskin,Sentino pump
V10_CKI,V10_CKI_N_39_4,1/12/2022,-8.338533333,99.06971667,2,Niskin,Sentino pump
V10_CKI,V10_CKI_N_39_5,1/12/2022,-8.338533333,99.06971667,2,Niskin,Sentino pump
V10_CKI,V10_CKI_N_39_WC,1/12/2022,-8.338533333,99.06971667,2,Niskin,Sentino pump
V10_CKI,V10_CKI_N_39_DI,1/12/2022,-8.338533333,99.06971667,2,Niskin,Sentino pump
V10_CKI,V10_CKI_N_40_1,2/12/2022,-8.667983333,100.1295333,2,Niskin,Sentino pump
V10_CKI,V10_CKI_N_40_2,2/12/2022,-8.667983333,100.1295333,2,Niskin,Sentino pump
V10_CKI,V10_CKI_N_40_3,2/12/2022,-8.667983333,100.1295333,2,Niskin,Sentino pump
V10_CKI,V10_CKI_N_40_4,2/12/2022,-8.667983333,100.1295333,2,Niskin,Sentino pump
V10_CKI,V10_CKI_N_40_5,2/12/2022,-8.667983333,100.1295333,2,Niskin,Sentino pump
V10_CKI,V10_CKI_N_40_WC,2/12/2022,-8.667983333,100.1295333,2,Niskin,Sentino pump
V10_CKI,V10_CKI_N_40_DI,2/12/2022,-8.667983333,100.1295333,2,Niskin,Sentino pump
V10_CKI,V10_CKI_U_41_1,2/12/2022,-8.9551,101.0229,2,Niskin,Sentino pump
V10_CKI,V10_CKI_U_41_2,2/12/2022,-8.9551,101.0229,2,Niskin,Sentino pump
V10_CKI,V10_CKI_U_41_3,2/12/2022,-8.9551,101.0229,2,Niskin,Sentino pump
V10_CKI,V10_CKI_U_41_4,2/12/2022,-8.9551,101.0229,2,Niskin,Sentino pump
V10_CKI,V10_CKI_U_41_5,2/12/2022,-8.9551,101.0229,2,Niskin,Sentino pump
V10_CKI,V10_CKI_U_41_WC,2/12/2022,-8.9551,101.0229,2,Niskin,Sentino pump
V10_CKI,V10_CKI_U_41_DI,2/12/2022,-8.9551,101.0229,2,Niskin,Sentino pump
V10_CKI,V10_CKI_N_41_1,2/12/2022,-8.9551,101.0229,2,Niskin,Sentino pump
V10_CKI,V10_CKI_N_41_2,2/12/2022,-8.9551,101.0229,2,Niskin,Sentino pump
V10_CKI,V10_CKI_N_41_3,2/12/2022,-8.9551,101.0229,2,Niskin,Sentino pump
V10_CKI,V10_CKI_N_41_4,2/12/2022,-8.9551,101.0229,2,Niskin,Sentino pump
V10_CKI,V10_CKI_N_41_5,2/12/2022,-8.9551,101.0229,2,Niskin,Sentino pump
V10_CKI,V10_CKI_N_41_WC,2/12/2022,-8.9551,101.0229,2,Niskin,Sentino pump
V10_CKI,V10_CKI_N_41_DI,2/12/2022,-8.9551,101.0229,2,Niskin,Sentino pump
V10_CKI,V10_CKI_N_42_1,2/12/2022,-9.62345,100.5792667,2,Niskin,Sentino pump
V10_CKI,V10_CKI_N_42_2,2/12/2022,-9.62345,100.5792667,2,Niskin,Sentino pump
V10_CKI,V10_CKI_N_42_3,2/12/2022,-9.62345,100.5792667,2,Niskin,Sentino pump
V10_CKI,V10_CKI_N_42_4,2/12/2022,-9.62345,100.5792667,2,Niskin,Sentino pump
V10_CKI,V10_CKI_N_42_5,2/12/2022,-9.62345,100.5792667,2,Niskin,Sentino pump
V10_CKI,V10_CKI_N_42_WC,2/12/2022,-9.62345,100.5792667,2,Niskin,Sentino pump
V10_CKI,V10_CKI_N_42_DI,2/12/2022,-9.62345,100.5792667,2,Niskin,Sentino pump
V10_CKI,V10_CKI_N_H_5_42_1,2/12/2022,-9.62345,100.5792667,2,Niskin,Sentino pump
V10_CKI,V10_CKI_N_H_5_42_2,2/12/2022,-9.62345,100.5792667,2,Niskin,Sentino pump
V10_CKI,V10_CKI_N_H_5_42_3,2/12/2022,-9.62345,100.5792667,2,Niskin,Sentino pump
V10_CKI,V10_CKI_N_H_2_42_1,2/12/2022,-9.62345,100.5792667,2,Niskin,Sentino pump
V10_CKI,V10_CKI_N_H_2_42_2,2/12/2022,-9.62345,100.5792667,2,Niskin,Sentino pump
V10_CKI,V10_CKI_N_H_2_42_3,2/12/2022,-9.62345,100.5792667,2,Niskin,Sentino pump
V10_CKI,V10_CKI_N_H_42_WC,2/12/2022,-9.62345,100.5792667,2,Niskin,Sentino pump
V10_CKI,V10_CKI_N_H_42_DI,2/12/2022,-9.62345,100.5792667,2,Niskin,Sentino pump
V10_CKI,V10_CKI_U_43_1,2/12/2022,-10.2283,100.0893333,2,Niskin,Sentino pump
V10_CKI,V10_CKI_U_43_2,2/12/2022,-10.2283,100.0893333,2,Niskin,Sentino pump
V10_CKI,V10_CKI_U_43_3,2/12/2022,-10.2283,100.0893333,2,Niskin,Sentino pump
V10_CKI,V10_CKI_U_43_4,2/12/2022,-10.2283,100.0893333,2,Niskin,Sentino pump
V10_CKI,V10_CKI_U_43_5,2/12/2022,-10.2283,100.0893333,2,Niskin,Sentino pump
V10_CKI,V10_CKI_U_43_WC,2/12/2022,-10.2283,100.0893333,2,Niskin,Sentino pump
V10_CKI,V10_CKI_U_43_DI,2/12/2022,-10.2283,100.0893333,2,Niskin,Sentino pump
V10_CKI,V10_CKI_N_43_1,2/12/2022,-10.2283,100.0893333,2,Niskin,Sentino pump
V10_CKI,V10_CKI_N_43_2,2/12/2022,-10.2283,100.0893333,2,Niskin,Sentino pump
V10_CKI,V10_CKI_N_43_3,2/12/2022,-10.2283,100.0893333,2,Niskin,Sentino pump
V10_CKI,V10_CKI_N_43_4,2/12/2022,-10.2283,100.0893333,2,Niskin,Sentino pump
V10_CKI,V10_CKI_N_43_5,2/12/2022,-10.2283,100.0893333,2,Niskin,Sentino pump
V10_CKI,V10_CKI_N_43_WC,2/12/2022,-10.2283,100.0893333,2,Niskin,Sentino pump
V10_CKI,V10_CKI_N_43_DI,2/12/2022,-10.2283,100.0893333,2,Niskin,Sentino pump
V10_CKI,V10_CKI_N_44_1,2/12/2022,-10.83788333,99.66803333,2,Niskin,Sentino pump
V10_CKI,V10_CKI_N_44_2,2/12/2022,-10.83788333,99.66803333,2,Niskin,Sentino pump
V10_CKI,V10_CKI_N_44_3,2/12/2022,-10.83788333,99.66803333,2,Niskin,Sentino pump
V10_CKI,V10_CKI_N_44_4,2/12/2022,-10.83788333,99.66803333,2,Niskin,Sentino pump
V10_CKI,V10_CKI_N_44_5,2/12/2022,-10.83788333,99.66803333,2,Niskin,Sentino pump
V10_CKI,V10_CKI_N_44_WC,2/12/2022,-10.83788333,99.66803333,2,Niskin,Sentino pump
V10_CKI,V10_CKI_N_44_DI,2/12/2022,-10.83788333,99.66803333,2,Niskin,Sentino pump
V10_CKI,V10_CKI_N_45_1,3/12/2022,-11.356,99.03245,2,Niskin,Sentino pump
V10_CKI,V10_CKI_N_45_2,3/12/2022,-11.356,99.03245,2,Niskin,Sentino pump
V10_CKI,V10_CKI_N_45_3,3/12/2022,-11.356,99.03245,2,Niskin,Sentino pump
V10_CKI,V10_CKI_N_45_4,3/12/2022,-11.356,99.03245,2,Niskin,Sentino pump
V10_CKI,V10_CKI_N_45_5,3/12/2022,-11.356,99.03245,2,Niskin,Sentino pump
V10_CKI,V10_CKI_N_45_WC,3/12/2022,-11.356,99.03245,2,Niskin,Sentino pump
V10_CKI,V10_CKI_N_45_DI,3/12/2022,-11.356,99.03245,2,Niskin,Sentino pump
V10_CKI,V10_CKI_U_46_1,3/12/2022,-11.52418333,98.55918333,2,Niskin,Sentino pump
V10_CKI,V10_CKI_U_46_2,3/12/2022,-11.52418333,98.55918333,2,Niskin,Sentino pump
V10_CKI,V10_CKI_U_46_3,3/12/2022,-11.52418333,98.55918333,2,Niskin,Sentino pump
V10_CKI,V10_CKI_U_46_4,3/12/2022,-11.52418333,98.55918333,2,Niskin,Sentino pump
V10_CKI,V10_CKI_U_46_5,3/12/2022,-11.52418333,98.55918333,2,Niskin,Sentino pump
V10_CKI,V10_CKI_U_46_WC,3/12/2022,-11.52418333,98.55918333,2,Niskin,Sentino pump
V10_CKI,V10_CKI_U_46_DI,3/12/2022,-11.52418333,98.55918333,2,Niskin,Sentino pump
V10_CKI,V10_CKI_N_46_1,3/12/2022,-11.52418333,98.55918333,2,Niskin,Sentino pump
V10_CKI,V10_CKI_N_46_2,3/12/2022,-11.52418333,98.55918333,2,Niskin,Sentino pump
V10_CKI,V10_CKI_N_46_3,3/12/2022,-11.52418333,98.55918333,2,Niskin,Sentino pump
V10_CKI,V10_CKI_N_46_4,3/12/2022,-11.52418333,98.55918333,2,Niskin,Sentino pump
V10_CKI,V10_CKI_N_46_5,3/12/2022,-11.52418333,98.55918333,2,Niskin,Sentino pump
V10_CKI,V10_CKI_N_46_WC,3/12/2022,-11.52418333,98.55918333,2,Niskin,Sentino pump
V10_CKI,V10_CKI_N_46_DI,3/12/2022,-11.52418333,98.55918333,2,Niskin,Sentino pump
V10_CKI,V10_CKI_N_47_1,3/12/2022,-11.8895,97.51693333,2,Niskin,Sentino pump
V10_CKI,V10_CKI_N_47_2,3/12/2022,-11.8895,97.51693333,2,Niskin,Sentino pump
V10_CKI,V10_CKI_N_47_3,3/12/2022,-11.8895,97.51693333,2,Niskin,Sentino pump
V10_CKI,V10_CKI_N_47_4,3/12/2022,-11.8895,97.51693333,2,Niskin,Sentino pump
V10_CKI,V10_CKI_N_47_5,3/12/2022,-11.8895,97.51693333,2,Niskin,Sentino pump
V10_CKI,V10_CKI_N_47_WC,3/12/2022,-11.8895,97.51693333,2,Niskin,Sentino pump
V10_CKI,V10_CKI_N_47_DI,3/12/2022,-11.8895,97.51693333,2,Niskin,Sentino pump
V10_CKI,V10_CKI_N_48_1,4/12/2022,-12.1339,96.85103333,2,Niskin,Sentino pump
V10_CKI,V10_CKI_N_48_2,4/12/2022,-12.1339,96.85103333,2,Niskin,Sentino pump
V10_CKI,V10_CKI_N_48_3,4/12/2022,-12.1339,96.85103333,2,Niskin,Sentino pump
V10_CKI,V10_CKI_N_48_4,4/12/2022,-12.1339,96.85103333,2,Niskin,Sentino pump
V10_CKI,V10_CKI_N_48_5,4/12/2022,-12.1339,96.85103333,2,Niskin,Sentino pump
V10_CKI,V10_CKI_N_48_WC,4/12/2022,-12.1339,96.85103333,2,Niskin,Sentino pump
V10_CKI,V10_CKI_N_48_DI,4/12/2022,-12.1339,96.85103333,2,Niskin,Sentino pump
V10_CKI,V10_CKI_N_49_1,4/12/2022,-12.14315,96.811,2,Niskin,Sentino pump
V10_CKI,V10_CKI_N_49_2,4/12/2022,-12.14315,96.811,2,Niskin,Sentino pump
V10_CKI,V10_CKI_N_49_3,4/12/2022,-12.14315,96.811,2,Niskin,Sentino pump
V10_CKI,V10_CKI_N_49_4,4/12/2022,-12.14315,96.811,2,Niskin,Sentino pump
V10_CKI,V10_CKI_N_49_5,4/12/2022,-12.14315,96.811,2,Niskin,Sentino pump
V10_CKI,V10_CKI_N_49_WC,4/12/2022,-12.14315,96.811,2,Niskin,Sentino pump
V10_CKI,V10_CKI_N_49_DI,4/12/2022,-12.14315,96.811,2,Niskin,Sentino pump
V10_CKI,V10_CKI_N_50_1,4/12/2022,-12.17583333,96.8492,2,Niskin,Sentino pump
V10_CKI,V10_CKI_N_50_2,4/12/2022,-12.17583333,96.8492,2,Niskin,Sentino pump
V10_CKI,V10_CKI_N_50_3,4/12/2022,-12.17583333,96.8492,2,Niskin,Sentino pump
V10_CKI,V10_CKI_N_50_4,4/12/2022,-12.17583333,96.8492,2,Niskin,Sentino pump
V10_CKI,V10_CKI_N_50_5,4/12/2022,-12.17583333,96.8492,2,Niskin,Sentino pump
V10_CKI,V10_CKI_N_50_WC,4/12/2022,-12.17583333,96.8492,2,Niskin,Sentino pump
V10_CKI,V10_CKI_N_50_DI,4/12/2022,-12.17583333,96.8492,2,Niskin,Sentino pump
V10_CKI,V10_CKI_N_51_1,4/12/2022,-12.15248333,96.85118333,2,Niskin,Sentino pump
V10_CKI,V10_CKI_N_51_2,4/12/2022,-12.15248333,96.85118333,2,Niskin,Sentino pump
V10_CKI,V10_CKI_N_51_3,4/12/2022,-12.15248333,96.85118333,2,Niskin,Sentino pump
V10_CKI,V10_CKI_N_51_4,4/12/2022,-12.15248333,96.85118333,2,Niskin,Sentino pump
V10_CKI,V10_CKI_N_51_5,4/12/2022,-12.15248333,96.85118333,2,Niskin,Sentino pump
V10_CKI,V10_CKI_N_51_WC,4/12/2022,-12.15248333,96.85118333,2,Niskin,Sentino pump
V10_CKI,V10_CKI_N_51_DI,4/12/2022,-12.15248333,96.85118333,2,Niskin,Sentino pump
V10_CKI,V10_CKI_N_52_1,4/12/2022,-12.14658333,96.87215,2,Niskin,Sentino pump
V10_CKI,V10_CKI_N_52_2,4/12/2022,-12.14658333,96.87215,2,Niskin,Sentino pump
V10_CKI,V10_CKI_N_52_3,4/12/2022,-12.14658333,96.87215,2,Niskin,Sentino pump
V10_CKI,V10_CKI_N_52_4,4/12/2022,-12.14658333,96.87215,2,Niskin,Sentino pump
V10_CKI,V10_CKI_N_52_5,4/12/2022,-12.14658333,96.87215,2,Niskin,Sentino pump
V10_CKI,V10_CKI_N_52_WC,4/12/2022,-12.14658333,96.87215,2,Niskin,Sentino pump
V10_CKI,V10_CKI_N_52_DI,4/12/2022,-12.14658333,96.87215,2,Niskin,Sentino pump
V10_CKI,V10_CKI_N_53_1,5/12/2022,-12.211899,96.858916,2,Niskin,Sentino pump
V10_CKI,V10_CKI_N_53_2,5/12/2022,-12.211899,96.858916,2,Niskin,Sentino pump
V10_CKI,V10_CKI_N_53_3,5/12/2022,-12.211899,96.858916,2,Niskin,Sentino pump
V10_CKI,V10_CKI_N_53_4,5/12/2022,-12.211899,96.858916,2,Niskin,Sentino pump
V10_CKI,V10_CKI_N_53_5,5/12/2022,-12.211899,96.858916,2,Niskin,Sentino pump
V10_CKI,V10_CKI_N_53_WC,5/12/2022,-12.211899,96.858916,2,Niskin,Sentino pump
V10_CKI,V10_CKI_N_53_DI,5/12/2022,-12.211899,96.858916,2,Niskin,Sentino pump
V10_CKI,V10_CKI_N_54_1,5/12/2022,-12.208531,96.914255,2,Niskin,Sentino pump
V10_CKI,V10_CKI_N_54_2,5/12/2022,-12.208531,96.914255,2,Niskin,Sentino pump
V10_CKI,V10_CKI_N_54_3,5/12/2022,-12.208531,96.914255,2,Niskin,Sentino pump
V10_CKI,V10_CKI_N_54_4,5/12/2022,-12.208531,96.914255,2,Niskin,Sentino pump
V10_CKI,V10_CKI_N_54_5,5/12/2022,-12.208531,96.914255,2,Niskin,Sentino pump
V10_CKI,V10_CKI_N_54_WC,5/12/2022,-12.208531,96.914255,2,Niskin,Sentino pump
V10_CKI,V10_CKI_N_54_DI,5/12/2022,-12.208531,96.914255,2,Niskin,Sentino pump
V10_CKI,V10_CKI_N_55_1,5/12/2022,-12.15217,96.925812,2,Niskin,Sentino pump
V10_CKI,V10_CKI_N_55_2,5/12/2022,-12.15217,96.925812,2,Niskin,Sentino pump
V10_CKI,V10_CKI_N_55_3,5/12/2022,-12.15217,96.925812,2,Niskin,Sentino pump
V10_CKI,V10_CKI_N_55_4,5/12/2022,-12.15217,96.925812,2,Niskin,Sentino pump
V10_CKI,V10_CKI_N_55_5,5/12/2022,-12.15217,96.925812,2,Niskin,Sentino pump
V10_CKI,V10_CKI_N_55_WC,5/12/2022,-12.15217,96.925812,2,Niskin,Sentino pump
V10_CKI,V10_CKI_N_55_DI,5/12/2022,-12.15217,96.925812,2,Niskin,Sentino pump
V10_CKI,V10_CKI_N_56_1,5/12/2022,-12.091806,96.882511,2,Niskin,Sentino pump
V10_CKI,V10_CKI_N_56_2,5/12/2022,-12.091806,96.882511,2,Niskin,Sentino pump
V10_CKI,V10_CKI_N_56_3,5/12/2022,-12.091806,96.882511,2,Niskin,Sentino pump
V10_CKI,V10_CKI_N_56_4,5/12/2022,-12.091806,96.882511,2,Niskin,Sentino pump
V10_CKI,V10_CKI_N_56_5,5/12/2022,-12.091806,96.882511,2,Niskin,Sentino pump
V10_CKI,V10_CKI_N_56_WC,5/12/2022,-12.091806,96.882511,2,Niskin,Sentino pump
V10_CKI,V10_CKI_N_56_DI,5/12/2022,-12.091806,96.882511,2,Niskin,Sentino pump
V10_CKI,V10_CKI_N_57_1,5/12/2022,-12.071061,96.845942,2,Niskin,Sentino pump
V10_CKI,V10_CKI_N_57_2,5/12/2022,-12.071061,96.845942,2,Niskin,Sentino pump
V10_CKI,V10_CKI_N_57_3,5/12/2022,-12.071061,96.845942,2,Niskin,Sentino pump
V10_CKI,V10_CKI_N_57_4,5/12/2022,-12.071061,96.845942,2,Niskin,Sentino pump
V10_CKI,V10_CKI_N_57_5,5/12/2022,-12.071061,96.845942,2,Niskin,Sentino pump
V10_CKI,V10_CKI_N_57_WC,5/12/2022,-12.071061,96.845942,2,Niskin,Sentino pump
V10_CKI,V10_CKI_N_57_DI,5/12/2022,-12.071061,96.845942,2,Niskin,Sentino pump
V10_CKI,V10_CKI_N_58_1,5/12/2022,-12.139317,96.812559,2,Niskin,Sentino pump
V10_CKI,V10_CKI_N_58_2,5/12/2022,-12.139317,96.812559,2,Niskin,Sentino pump
V10_CKI,V10_CKI_N_58_3,5/12/2022,-12.139317,96.812559,2,Niskin,Sentino pump
V10_CKI,V10_CKI_N_58_4,5/12/2022,-12.139317,96.812559,2,Niskin,Sentino pump
V10_CKI,V10_CKI_N_58_5,5/12/2022,-12.139317,96.812559,2,Niskin,Sentino pump
V10_CKI,V10_CKI_N_58_WC,5/12/2022,-12.139317,96.812559,2,Niskin,Sentino pump
V10_CKI,V10_CKI_N_58_DI,5/12/2022,-12.139317,96.812559,2,Niskin,Sentino pump
V10_CKI,V10_CKI_N_59_1,5/12/2022,-12.171139,96.81524,2,Niskin,Sentino pump
V10_CKI,V10_CKI_N_59_2,5/12/2022,-12.171139,96.81524,2,Niskin,Sentino pump
V10_CKI,V10_CKI_N_59_3,5/12/2022,-12.171139,96.81524,2,Niskin,Sentino pump
V10_CKI,V10_CKI_N_59_4,5/12/2022,-12.171139,96.81524,2,Niskin,Sentino pump
V10_CKI,V10_CKI_N_59_5,5/12/2022,-12.171139,96.81524,2,Niskin,Sentino pump
V10_CKI,V10_CKI_N_59_WC,5/12/2022,-12.171139,96.81524,2,Niskin,Sentino pump
V10_CKI,V10_CKI_N_59_DI,5/12/2022,-12.171139,96.81524,2,Niskin,Sentino pump
V10_CKI,V10_CKI_N_60_1,6/12/2022,-11.84031667,96.81181667,2,Niskin,Sentino pump
V10_CKI,V10_CKI_N_60_2,6/12/2022,-11.84031667,96.81181667,2,Niskin,Sentino pump
V10_CKI,V10_CKI_N_60_3,6/12/2022,-11.84031667,96.81181667,2,Niskin,Sentino pump
V10_CKI,V10_CKI_N_60_4,6/12/2022,-11.84031667,96.81181667,2,Niskin,Sentino pump
V10_CKI,V10_CKI_N_60_5,6/12/2022,-11.84031667,96.81181667,2,Niskin,Sentino pump
V10_CKI,V10_CKI_N_60_WC,6/12/2022,-11.84031667,96.81181667,2,Niskin,Sentino pump
V10_CKI,V10_CKI_N_60_DI,6/12/2022,-11.84031667,96.81181667,2,Niskin,Sentino pump
V10_CKI,V10_CKI_N_61_1,6/12/2022,-11.83025,96.81796667,2,Niskin,Sentino pump
V10_CKI,V10_CKI_N_61_2,6/12/2022,-11.83025,96.81796667,2,Niskin,Sentino pump
V10_CKI,V10_CKI_N_61_3,6/12/2022,-11.83025,96.81796667,2,Niskin,Sentino pump
V10_CKI,V10_CKI_N_61_4,6/12/2022,-11.83025,96.81796667,2,Niskin,Sentino pump
V10_CKI,V10_CKI_N_61_5,6/12/2022,-11.83025,96.81796667,2,Niskin,Sentino pump
V10_CKI,V10_CKI_N_61_WC,6/12/2022,-11.83025,96.81796667,2,Niskin,Sentino pump
V10_CKI,V10_CKI_N_61_DI,6/12/2022,-11.83025,96.81796667,2,Niskin,Sentino pump
V10_CKI,V10_CKI_N_62_1,6/12/2022,-11.81815,96.82671667,2,Niskin,Sentino pump
V10_CKI,V10_CKI_N_62_2,6/12/2022,-11.81815,96.82671667,2,Niskin,Sentino pump
V10_CKI,V10_CKI_N_62_3,6/12/2022,-11.81815,96.82671667,2,Niskin,Sentino pump
V10_CKI,V10_CKI_N_62_4,6/12/2022,-11.81815,96.82671667,2,Niskin,Sentino pump
V10_CKI,V10_CKI_N_62_5,6/12/2022,-11.81815,96.82671667,2,Niskin,Sentino pump
V10_CKI,V10_CKI_N_62_WC,6/12/2022,-11.81815,96.82671667,2,Niskin,Sentino pump
V10_CKI,V10_CKI_N_62_DI,6/12/2022,-11.81815,96.82671667,2,Niskin,Sentino pump
V10_CKI,V10_CKI_N_63_1,6/12/2022,-11.83016667,96.8329,2,Niskin,Sentino pump
V10_CKI,V10_CKI_N_63_2,6/12/2022,-11.83016667,96.8329,2,Niskin,Sentino pump
V10_CKI,V10_CKI_N_63_3,6/12/2022,-11.83016667,96.8329,2,Niskin,Sentino pump
V10_CKI,V10_CKI_N_63_4,6/12/2022,-11.83016667,96.8329,2,Niskin,Sentino pump
V10_CKI,V10_CKI_N_63_5,6/12/2022,-11.83016667,96.8329,2,Niskin,Sentino pump
V10_CKI,V10_CKI_N_63_WC,6/12/2022,-11.83016667,96.8329,2,Niskin,Sentino pump
V10_CKI,V10_CKI_N_63_DI,6/12/2022,-11.83016667,96.8329,2,Niskin,Sentino pump
V10_CKI,V10_CKI_N_64_1,6/12/2022,-11.8415,96.83676667,2,Niskin,Sentino pump
V10_CKI,V10_CKI_N_64_2,6/12/2022,-11.8415,96.83676667,2,Niskin,Sentino pump
V10_CKI,V10_CKI_N_64_3,6/12/2022,-11.8415,96.83676667,2,Niskin,Sentino pump
V10_CKI,V10_CKI_N_64_4,6/12/2022,-11.8415,96.83676667,2,Niskin,Sentino pump
V10_CKI,V10_CKI_N_64_5,6/12/2022,-11.8415,96.83676667,2,Niskin,Sentino pump
V10_CKI,V10_CKI_N_64_WC,6/12/2022,-11.8415,96.83676667,2,Niskin,Sentino pump
V10_CKI,V10_CKI_N_64_DI,6/12/2022,-11.8415,96.83676667,2,Niskin,Sentino pump
V10_CKI,V10_CKI_N_65_1,6/12/2022,-11.84508333,96.82013333,2,Niskin,Sentino pump
V10_CKI,V10_CKI_N_65_2,6/12/2022,-11.84508333,96.82013333,2,Niskin,Sentino pump
V10_CKI,V10_CKI_N_65_3,6/12/2022,-11.84508333,96.82013333,2,Niskin,Sentino pump
V10_CKI,V10_CKI_N_65_4,6/12/2022,-11.84508333,96.82013333,2,Niskin,Sentino pump
V10_CKI,V10_CKI_N_65_5,6/12/2022,-11.84508333,96.82013333,2,Niskin,Sentino pump
V10_CKI,V10_CKI_N_65_WC,6/12/2022,-11.84508333,96.82013333,2,Niskin,Sentino pump
V10_CKI,V10_CKI_N_65_DI,6/12/2022,-11.84508333,96.82013333,2,Niskin,Sentino pump
V10_CKI,V10_CKI_N_66_1,7/12/2022,-12.099195,96.891905,2,Niskin,Sentino pump
V10_CKI,V10_CKI_N_66_2,7/12/2022,-12.099195,96.891905,2,Niskin,Sentino pump
V10_CKI,V10_CKI_N_66_3,7/12/2022,-12.099195,96.891905,2,Niskin,Sentino pump
V10_CKI,V10_CKI_N_66_4,7/12/2022,-12.099195,96.891905,2,Niskin,Sentino pump
V10_CKI,V10_CKI_N_66_5,7/12/2022,-12.099195,96.891905,2,Niskin,Sentino pump
V10_CKI,V10_CKI_N_66_WC,7/12/2022,-12.099195,96.891905,2,Niskin,Sentino pump
V10_CKI,V10_CKI_N_66_DI,7/12/2022,-12.099195,96.891905,2,Niskin,Sentino pump
V10_CKI,V10_CKI_N_67_1,7/12/2022,-12.103749,96.851064,2,Niskin,Sentino pump
V10_CKI,V10_CKI_N_67_2,7/12/2022,-12.103749,96.851064,2,Niskin,Sentino pump
V10_CKI,V10_CKI_N_67_3,7/12/2022,-12.103749,96.851064,2,Niskin,Sentino pump
V10_CKI,V10_CKI_N_67_4,7/12/2022,-12.103749,96.851064,2,Niskin,Sentino pump
V10_CKI,V10_CKI_N_67_5,7/12/2022,-12.103749,96.851064,2,Niskin,Sentino pump
V10_CKI,V10_CKI_N_67_WC,7/12/2022,-12.103749,96.851064,2,Niskin,Sentino pump
V10_CKI,V10_CKI_N_67_DI,7/12/2022,-12.103749,96.851064,2,Niskin,Sentino pump
V10_CKI,V10_CKI_N_68_1,7/12/2022,-12.118923,96.825165,2,Niskin,Sentino pump
V10_CKI,V10_CKI_N_68_2,7/12/2022,-12.118923,96.825165,2,Niskin,Sentino pump
V10_CKI,V10_CKI_N_68_3,7/12/2022,-12.118923,96.825165,2,Niskin,Sentino pump
V10_CKI,V10_CKI_N_68_4,7/12/2022,-12.118923,96.825165,2,Niskin,Sentino pump
V10_CKI,V10_CKI_N_68_5,7/12/2022,-12.118923,96.825165,2,Niskin,Sentino pump
V10_CKI,V10_CKI_N_68_WC,7/12/2022,-12.118923,96.825165,2,Niskin,Sentino pump
V10_CKI,V10_CKI_N_68_DI,7/12/2022,-12.118923,96.825165,2,Niskin,Sentino pump
V10_CKI,V10_CKI_N_69_1,7/12/2022,-12.132052,96.822608,2,Niskin,Sentino pump
V10_CKI,V10_CKI_N_69_2,7/12/2022,-12.132052,96.822608,2,Niskin,Sentino pump
V10_CKI,V10_CKI_N_69_3,7/12/2022,-12.132052,96.822608,2,Niskin,Sentino pump
V10_CKI,V10_CKI_N_69_4,7/12/2022,-12.132052,96.822608,2,Niskin,Sentino pump
V10_CKI,V10_CKI_N_69_5,7/12/2022,-12.132052,96.822608,2,Niskin,Sentino pump
V10_CKI,V10_CKI_N_69_WC,7/12/2022,-12.132052,96.822608,2,Niskin,Sentino pump
V10_CKI,V10_CKI_N_69_DI,7/12/2022,-12.132052,96.822608,2,Niskin,Sentino pump
V10_CKI,V10_CKI_N_70_1,7/12/2022,-12.15295,96.842706,2,Niskin,Sentino pump
V10_CKI,V10_CKI_N_70_2,7/12/2022,-12.15295,96.842706,2,Niskin,Sentino pump
V10_CKI,V10_CKI_N_70_3,7/12/2022,-12.15295,96.842706,2,Niskin,Sentino pump
V10_CKI,V10_CKI_N_70_4,7/12/2022,-12.15295,96.842706,2,Niskin,Sentino pump
V10_CKI,V10_CKI_N_70_5,7/12/2022,-12.15295,96.842706,2,Niskin,Sentino pump
V10_CKI,V10_CKI_N_71_1,8/12/2022,-12.17103333,96.81528333,2,Niskin,Sentino pump
V10_CKI,V10_CKI_N_71_2,8/12/2022,-12.17103333,96.81528333,2,Niskin,Sentino pump
V10_CKI,V10_CKI_N_71_3,8/12/2022,-12.17103333,96.81528333,2,Niskin,Sentino pump
V10_CKI,V10_CKI_N_71_4,8/12/2022,-12.17103333,96.81528333,2,Niskin,Sentino pump
V10_CKI,V10_CKI_N_71_5,8/12/2022,-12.17103333,96.81528333,2,Niskin,Sentino pump
V10_CKI,V10_CKI_N_71_WC,8/12/2022,-12.17103333,96.81528333,2,Niskin,Sentino pump
V10_CKI,V10_CKI_N_71_DI,8/12/2022,-12.17103333,96.81528333,2,Niskin,Sentino pump
V10_CKI,V10_CKI_N_72_1,8/12/2022,-12.13931667,96.81271667,2,Niskin,Sentino pump
V10_CKI,V10_CKI_N_72_2,8/12/2022,-12.13931667,96.81271667,2,Niskin,Sentino pump
V10_CKI,V10_CKI_N_72_3,8/12/2022,-12.13931667,96.81271667,2,Niskin,Sentino pump
V10_CKI,V10_CKI_N_72_4,8/12/2022,-12.13931667,96.81271667,2,Niskin,Sentino pump
V10_CKI,V10_CKI_N_72_5,8/12/2022,-12.13931667,96.81271667,2,Niskin,Sentino pump
V10_CKI,V10_CKI_N_72_WC,8/12/2022,-12.13931667,96.81271667,2,Niskin,Sentino pump
V10_CKI,V10_CKI_N_72_DI,8/12/2022,-12.13931667,96.81271667,2,Niskin,Sentino pump
V10_CKI,V10_CKI_N_73_1,8/12/2022,-12.0711,96.84605,2,Niskin,Sentino pump
V10_CKI,V10_CKI_N_73_2,8/12/2022,-12.0711,96.84605,2,Niskin,Sentino pump
V10_CKI,V10_CKI_N_73_3,8/12/2022,-12.0711,96.84605,2,Niskin,Sentino pump
V10_CKI,V10_CKI_N_73_4,8/12/2022,-12.0711,96.84605,2,Niskin,Sentino pump
V10_CKI,V10_CKI_N_73_5,8/12/2022,-12.0711,96.84605,2,Niskin,Sentino pump
V10_CKI,V10_CKI_N_73_WC,8/12/2022,-12.0711,96.84605,2,Niskin,Sentino pump
V10_CKI,V10_CKI_N_73_DI,8/12/2022,-12.0711,96.84605,2,Niskin,Sentino pump
V10_CKI,V10_CKI_N_74_1,9/12/2022,-12.186884,96.869649,2,Niskin,Sentino pump
V10_CKI,V10_CKI_N_74_2,9/12/2022,-12.186884,96.869649,2,Niskin,Sentino pump
V10_CKI,V10_CKI_N_74_3,9/12/2022,-12.186884,96.869649,2,Niskin,Sentino pump
V10_CKI,V10_CKI_N_74_4,9/12/2022,-12.186884,96.869649,2,Niskin,Sentino pump
V10_CKI,V10_CKI_N_74_5,9/12/2022,-12.186884,96.869649,2,Niskin,Sentino pump
V10_CKI,V10_CKI_N_74_WC,9/12/2022,-12.186884,96.869649,2,Niskin,Sentino pump
V10_CKI,V10_CKI_N_74_DI,9/12/2022,-12.186884,96.869649,2,Niskin,Sentino pump
V10_CKI,V10_CKI_N_75_1,9/12/2022,-12.175244,96.871043,2,Niskin,Sentino pump
V10_CKI,V10_CKI_N_75_2,9/12/2022,-12.175244,96.871043,2,Niskin,Sentino pump
V10_CKI,V10_CKI_N_75_3,9/12/2022,-12.175244,96.871043,2,Niskin,Sentino pump
V10_CKI,V10_CKI_N_75_4,9/12/2022,-12.175244,96.871043,2,Niskin,Sentino pump
V10_CKI,V10_CKI_N_75_5,9/12/2022,-12.175244,96.871043,2,Niskin,Sentino pump
V10_CKI,V10_CKI_N_75_WC,9/12/2022,-12.175244,96.871043,2,Niskin,Sentino pump
V10_CKI,V10_CKI_N_75_DI,9/12/2022,-12.175244,96.871043,2,Niskin,Sentino pump
V10_CKI,V10_CKI_N_76_1,9/12/2022,-12.146748,96.872205,2,Niskin,Sentino pump
V10_CKI,V10_CKI_N_76_2,9/12/2022,-12.146748,96.872205,2,Niskin,Sentino pump
V10_CKI,V10_CKI_N_76_3,9/12/2022,-12.146748,96.872205,2,Niskin,Sentino pump
V10_CKI,V10_CKI_N_76_4,9/12/2022,-12.146748,96.872205,2,Niskin,Sentino pump
V10_CKI,V10_CKI_N_76_5,9/12/2022,-12.146748,96.872205,2,Niskin,Sentino pump
V10_CKI,V10_CKI_N_76_WC,9/12/2022,-12.146748,96.872205,2,Niskin,Sentino pump
V10_CKI,V10_CKI_N_76_DI,9/12/2022,-12.146748,96.872205,2,Niskin,Sentino pump
V10_CKI,V10_CKI_N_77_1,9/12/2022,-12.155312,96.895474,2,Niskin,Sentino pump
V10_CKI,V10_CKI_N_77_2,9/12/2022,-12.155312,96.895474,2,Niskin,Sentino pump
V10_CKI,V10_CKI_N_77_3,9/12/2022,-12.155312,96.895474,2,Niskin,Sentino pump
V10_CKI,V10_CKI_N_77_4,9/12/2022,-12.155312,96.895474,2,Niskin,Sentino pump
V10_CKI,V10_CKI_N_77_5,9/12/2022,-12.155312,96.895474,2,Niskin,Sentino pump
V10_CKI,V10_CKI_N_77_WC,9/12/2022,-12.155312,96.895474,2,Niskin,Sentino pump
V10_CKI,V10_CKI_N_77_DI,9/12/2022,-12.155312,96.895474,2,Niskin,Sentino pump
V10_CKI,V10_CKI_N_78_1,9/12/2022,-12.095795,96.879026,2,Niskin,Sentino pump
V10_CKI,V10_CKI_N_78_2,9/12/2022,-12.095795,96.879026,2,Niskin,Sentino pump
V10_CKI,V10_CKI_N_78_3,9/12/2022,-12.095795,96.879026,2,Niskin,Sentino pump
V10_CKI,V10_CKI_N_78_4,9/12/2022,-12.095795,96.879026,2,Niskin,Sentino pump
V10_CKI,V10_CKI_N_78_5,9/12/2022,-12.095795,96.879026,2,Niskin,Sentino pump
V10_CKI,V10_CKI_N_78_WC,9/12/2022,-12.095795,96.879026,2,Niskin,Sentino pump
V10_CKI,V10_CKI_N_78_DI,9/12/2022,-12.095795,96.879026,2,Niskin,Sentino pump
V10_CKI,V10_CKI_N_79_1,9/12/2022,-12.0988,96.863518,2,Niskin,Sentino pump
V10_CKI,V10_CKI_N_79_2,9/12/2022,-12.0988,96.863518,2,Niskin,Sentino pump
V10_CKI,V10_CKI_N_79_3,9/12/2022,-12.0988,96.863518,2,Niskin,Sentino pump
V10_CKI,V10_CKI_N_79_4,9/12/2022,-12.0988,96.863518,2,Niskin,Sentino pump
V10_CKI,V10_CKI_N_79_5,9/12/2022,-12.0988,96.863518,2,Niskin,Sentino pump
V10_CKI,V10_CKI_N_79_WC,9/12/2022,-12.0988,96.863518,2,Niskin,Sentino pump
V10_CKI,V10_CKI_N_79_DI,9/12/2022,-12.0988,96.863518,2,Niskin,Sentino pump
V10_CKI,V10_CKI_N_80_1,9/12/2022,-12.1025007,96.8661607,2,Niskin,Sentino pump
V10_CKI,V10_CKI_N_80_2,9/12/2022,-12.1025007,96.8661607,2,Niskin,Sentino pump
V10_CKI,V10_CKI_N_80_3,9/12/2022,-12.1025007,96.8661607,2,Niskin,Sentino pump
V10_CKI,V10_CKI_N_80_4,9/12/2022,-12.1025007,96.8661607,2,Niskin,Sentino pump
V10_CKI,V10_CKI_N_80_5,9/12/2022,-12.1025007,96.8661607,2,Niskin,Sentino pump
V10_CKI,V10_CKI_N_80_WC,9/12/2022,-12.1025007,96.8661607,2,Niskin,Sentino pump
V10_CKI,V10_CKI_N_80_DI,9/12/2022,-12.1025007,96.8661607,2,Niskin,Sentino pump
V10_CKI,V10_CKI_N_81_1,10/12/2022,-12.21326188,96.85751352,2,Niskin,Sentino pump
V10_CKI,V10_CKI_N_81_2,10/12/2022,-12.21326188,96.85751352,2,Niskin,Sentino pump
V10_CKI,V10_CKI_N_81_3,10/12/2022,-12.21326188,96.85751352,2,Niskin,Sentino pump
V10_CKI,V10_CKI_N_81_4,10/12/2022,-12.21326188,96.85751352,2,Niskin,Sentino pump
V10_CKI,V10_CKI_N_81_5,10/12/2022,-12.21326188,96.85751352,2,Niskin,Sentino pump
V10_CKI,V10_CKI_N_81_WC,10/12/2022,-12.21326188,96.85751352,2,Niskin,Sentino pump
V10_CKI,V10_CKI_N_81_DI,10/12/2022,-12.21326188,96.85751352,2,Niskin,Sentino pump
V10_CKI,V10_CKI_N_82_1,10/12/2022,-12.20890457,96.91463121,2,Niskin,Sentino pump
V10_CKI,V10_CKI_N_82_2,10/12/2022,-12.20890457,96.91463121,2,Niskin,Sentino pump
V10_CKI,V10_CKI_N_82_3,10/12/2022,-12.20890457,96.91463121,2,Niskin,Sentino pump
V10_CKI,V10_CKI_N_82_4,10/12/2022,-12.20890457,96.91463121,2,Niskin,Sentino pump
V10_CKI,V10_CKI_N_82_5,10/12/2022,-12.20890457,96.91463121,2,Niskin,Sentino pump
V10_CKI,V10_CKI_N_82_WC,10/12/2022,-12.20890457,96.91463121,2,Niskin,Sentino pump
V10_CKI,V10_CKI_N_82_DI,10/12/2022,-12.20890457,96.91463121,2,Niskin,Sentino pump
V10_CKI,V10_CKI_N_83_1,10/12/2022,-12.20890457,96.91463121,2,Niskin,Sentino pump
V10_CKI,V10_CKI_N_83_2,10/12/2022,-12.15242101,96.92634218,2,Niskin,Sentino pump
V10_CKI,V10_CKI_N_83_3,10/12/2022,-12.15242101,96.92634218,2,Niskin,Sentino pump
V10_CKI,V10_CKI_N_83_4,10/12/2022,-12.15242101,96.92634218,2,Niskin,Sentino pump
V10_CKI,V10_CKI_N_83_5,10/12/2022,-12.15242101,96.92634218,2,Niskin,Sentino pump
V10_CKI,V10_CKI_N_83_WC,10/12/2022,-12.15242101,96.92634218,2,Niskin,Sentino pump
V10_CKI,V10_CKI_N_83_DI,10/12/2022,-12.15242101,96.92634218,2,Niskin,Sentino pump
V10_CKI,V10_CKI_X_20_BC,10/12/2022,-12.15242101,96.92634218,2,Niskin,Sentino pump
